PeriodEnd,PeriodStart,Period,AirTemp,Azimuth,CloudOpacity,DewpointTemp,Dhi,Dni,Ebh,Ghi,GtiFixedTilt,GtiTracking,PrecipitableWater,RelativeHumidity,SnowWater,SurfacePressure,WindDirection10m,WindSpeed10m,Zenith,AlbedoDaily
2021-06-30T02:00:00Z,2021-06-30T01:00:00Z,PT60M,38.0,70,82.4,10.0,27,0,0,27,25,27,31.2,18.5,0.0,959.0,36,4.4,77,0.27
2021-06-30T03:00:00Z,2021-06-30T02:00:00Z,PT60M,36.3,63,46.1,9.9,4,3,0,5,4,4,31.4,20.1,0.0,959.3,53,5.5,89,0.27
2021-06-30T04:00:00Z,2021-06-30T03:00:00Z,PT60M,34.5,54,66.8,9.8,0,0,0,0,0,0,31.2,22.2,0.0,959.8,62,5.2,100,0.27
2021-06-30T05:00:00Z,2021-06-30T04:00:00Z,PT60M,33.3,43,63.4,9.8,0,0,0,0,0,0,31.3,23.7,0.0,960.7,65,4.5,109,0.27
2021-06-30T06:00:00Z,2021-06-30T05:00:00Z,PT60M,32.2,31,26.9,10.3,0,0,0,0,0,0,32.7,26.1,0.0,961.5,69,2.2,117,0.27
2021-06-30T07:00:00Z,2021-06-30T06:00:00Z,PT60M,30.9,16,31.9,11.4,0,0,0,0,0,0,34.9,30.2,0.0,962.1,318,1.2,122,0.27
2021-06-30T08:00:00Z,2021-06-30T07:00:00Z,PT60M,30.5,0,20.0,12.2,0,0,0,0,0,0,36.3,32.6,0.0,962.2,316,2.8,123,0.26
2021-06-30T09:00:00Z,2021-06-30T08:00:00Z,PT60M,30.3,-16,26.5,13.3,0,0,0,0,0,0,37.1,35.3,0.0,962.3,317,3.6,122,0.23
2021-06-30T10:00:00Z,2021-06-30T09:00:00Z,PT60M,29.7,-31,20.3,14.6,0,0,0,0,0,0,37.7,39.7,0.0,962.7,315,3.8,117,0.23
2021-06-30T11:00:00Z,2021-06-30T10:00:00Z,PT60M,28.8,-43,21.0,15.1,0,0,0,0,0,0,38.0,43.4,0.0,963.3,322,2.8,109,0.23
2021-06-30T12:00:00Z,2021-06-30T11:00:00Z,PT60M,28.3,-54,21.3,15.1,0,0,0,0,0,0,37.6,44.5,0.0,963.6,345,2.3,100,0.23
2021-06-30T13:00:00Z,2021-06-30T12:00:00Z,PT60M,28.4,-62,10.9,15.0,11,30,3,14,10,12,37.0,44.1,0.0,964.0,7,2.2,89,0.23
2021-06-30T14:00:00Z,2021-06-30T13:00:00Z,PT60M,29.1,-70,0.0,15.2,68,324,74,143,72,292,36.5,43.0,0.0,964.5,35,2.4,78,0.23
2021-06-30T15:00:00Z,2021-06-30T14:00:00Z,PT60M,30.5,-77,0.0,15.3,116,542,226,342,243,709,36.4,39.8,0.0,964.9,52,2.3,66,0.23
2021-06-30T16:00:00Z,2021-06-30T15:00:00Z,PT60M,31.9,-84,0.0,15.2,149,664,398,547,458,860,36.7,36.4,0.0,965.1,59,1.3,53,0.23
2021-06-30T17:00:00Z,2021-06-30T16:00:00Z,PT60M,33.2,-92,0.0,15.0,173,733,556,729,659,937,36.9,33.4,0.0,964.9,42,0.7,41,0.23
2021-06-30T18:00:00Z,2021-06-30T17:00:00Z,PT60M,34.6,-103,1.3,14.7,212,737,647,859,810,961,37.1,30.4,0.0,964.6,148,0.4,28,0.23
2021-06-30T19:00:00Z,2021-06-30T18:00:00Z,PT60M,36.1,-124,7.5,14.4,326,594,567,893,858,917,37.2,27.5,0.0,964.1,216,1.0,17,0.23
2021-06-30T20:00:00Z,2021-06-30T19:00:00Z,PT60M,37.4,-179,3.3,13.9,250,726,714,964,932,966,37.1,24.7,0.0,963.4,267,1.9,11,0.23
2021-06-30T21:00:00Z,2021-06-30T20:00:00Z,PT60M,38.7,125,0.0,13.2,188,813,778,967,930,996,36.5,22.1,0.0,962.4,281,3.6,17,0.23
2021-06-30T22:00:00Z,2021-06-30T21:00:00Z,PT60M,39.4,103,0.0,12.6,195,769,678,873,823,975,36.0,20.3,0.0,961.5,289,5.8,28,0.23
2021-06-30T23:00:00Z,2021-06-30T22:00:00Z,PT60M,39.5,92,0.4,12.2,183,718,547,730,662,933,35.3,19.8,0.0,960.9,293,6.9,40,0.23
2021-07-01T00:00:00Z,2021-06-30T23:00:00Z,PT60M,39.1,84,10.2,12.3,249,411,247,496,431,706,35.0,20.4,0.0,960.5,303,6.2,53,0.23
2021-07-01T01:00:00Z,2021-07-01T00:00:00Z,PT60M,38.8,77,51.2,12.4,129,123,60,189,163,267,35.8,20.7,0.0,960.6,323,5.3,65,0.23
2021-07-01T02:00:00Z,2021-07-01T01:00:00Z,PT60M,37.9,70,70.8,12.0,34,0,0,34,32,34,36.1,21.2,0.0,961.0,352,5.9,77,0.23
2021-07-01T03:00:00Z,2021-07-01T02:00:00Z,PT60M,34.8,63,50.0,12.9,10,0,0,10,9,10,36.2,26.8,0.0,961.6,24,6.5,89,0.23
2021-07-01T04:00:00Z,2021-07-01T03:00:00Z,PT60M,32.2,54,25.4,14.4,0,0,0,0,0,0,36.4,33.9,0.0,962.5,73,4.3,100,0.23
2021-07-01T05:00:00Z,2021-07-01T04:00:00Z,PT60M,31.7,44,79.0,15.1,0,0,0,0,0,0,36.6,36.8,0.0,962.9,146,3.3,109,0.23
2021-07-01T06:00:00Z,2021-07-01T05:00:00Z,PT60M,31.0,31,88.9,16.2,0,0,0,0,0,0,37.9,41.0,0.0,963.5,168,3.8,117,0.23
2021-07-01T07:00:00Z,2021-07-01T06:00:00Z,PT60M,30.2,16,42.9,16.8,0,0,0,0,0,0,39.2,44.5,0.0,963.9,162,3.9,122,0.23
2021-07-01T08:00:00Z,2021-07-01T07:00:00Z,PT60M,29.7,0,65.5,16.9,0,0,0,0,0,0,39.5,46.2,0.0,963.9,166,3.0,124,0.23
2021-07-01T09:00:00Z,2021-07-01T08:00:00Z,PT60M,29.2,-16,50.9,17.0,0,0,0,0,0,0,39.3,47.8,0.0,963.8,179,1.4,122,0.23
2021-07-01T10:00:00Z,2021-07-01T09:00:00Z,PT60M,28.8,-31,53.2,17.0,0,0,0,0,0,0,38.8,49.0,0.0,963.6,350,0.2,117,0.23
2021-07-01T11:00:00Z,2021-07-01T10:00:00Z,PT60M,28.4,-43,31.6,17.0,0,0,0,0,0,0,38.9,50.1,0.0,963.5,19,1.0,109,0.23
2021-07-01T12:00:00Z,2021-07-01T11:00:00Z,PT60M,27.9,-54,47.4,17.0,0,0,0,0,0,0,39.3,51.3,0.0,963.6,15,1.3,100,0.23
2021-07-01T13:00:00Z,2021-07-01T12:00:00Z,PT60M,28.0,-62,30.7,17.1,11,4,1,11,10,11,39.2,51.5,0.0,964.0,7,1.4,89,0.23
2021-07-01T14:00:00Z,2021-07-01T13:00:00Z,PT60M,28.9,-70,6.0,16.9,80,228,54,134,81,252,38.8,48.3,0.0,964.4,3,1.2,78,0.23
2021-07-01T15:00:00Z,2021-07-01T14:00:00Z,PT60M,30.3,-77,9.1,16.6,162,351,151,313,243,560,38.5,43.8,0.0,964.8,353,0.8,66,0.23
2021-07-01T16:00:00Z,2021-07-01T15:00:00Z,PT60M,31.7,-84,0.0,16.3,141,679,407,547,457,866,38.3,39.8,0.0,964.8,333,0.8,53,0.23
2021-07-01T17:00:00Z,2021-07-01T16:00:00Z,PT60M,33.1,-92,0.0,16.0,159,755,571,731,661,943,38.1,36.0,0.0,964.6,332,1.3,41,0.23
2021-07-01T18:00:00Z,2021-07-01T17:00:00Z,PT60M,34.5,-103,0.0,15.6,179,789,693,872,821,977,37.8,32.4,0.0,964.4,335,1.6,28,0.23
2021-07-01T19:00:00Z,2021-07-01T18:00:00Z,PT60M,35.9,-124,0.0,14.9,228,757,723,951,915,980,37.1,28.6,0.0,963.8,338,1.8,17,0.23
2021-07-01T20:00:00Z,2021-07-01T19:00:00Z,PT60M,37.3,-179,0.0,13.8,233,765,752,984,952,986,36.2,24.6,0.0,962.9,341,2.3,11,0.23
2021-07-01T21:00:00Z,2021-07-01T20:00:00Z,PT60M,38.5,125,0.0,12.6,221,770,737,958,922,986,35.4,21.3,0.0,962.0,347,2.7,17,0.23
2021-07-01T22:00:00Z,2021-07-01T21:00:00Z,PT60M,39.3,103,0.0,11.7,189,780,688,877,827,979,34.9,19.3,0.0,961.1,354,2.9,28,0.23
2021-07-01T23:00:00Z,2021-07-01T22:00:00Z,PT60M,39.8,92,0.0,11.2,170,745,567,736,667,945,34.4,18.2,0.0,960.1,354,3.1,40,0.23
2021-07-02T00:00:00Z,2021-07-01T23:00:00Z,PT60M,39.9,84,0.0,11.0,147,674,407,554,465,869,34.2,17.8,0.0,959.4,343,3.5,53,0.23
2021-07-02T01:00:00Z,2021-07-02T00:00:00Z,PT60M,39.6,77,0.0,11.0,116,549,232,348,249,718,34.7,18.2,0.0,959.1,333,3.6,65,0.23
2021-07-02T02:00:00Z,2021-07-02T01:00:00Z,PT60M,38.8,70,13.4,11.3,89,148,42,131,95,231,35.4,19.3,0.0,959.3,331,2.9,77,0.23
2021-07-02T03:00:00Z,2021-07-02T02:00:00Z,PT60M,37.1,63,43.2,11.8,10,0,0,10,10,10,36.6,21.8,0.0,959.7,330,2.2,89,0.23
2021-07-02T04:00:00Z,2021-07-02T03:00:00Z,PT60M,35.4,54,33.2,12.4,0,0,0,0,0,0,38.3,25.1,0.0,960.3,8,1.6,100,0.23
2021-07-02T05:00:00Z,2021-07-02T04:00:00Z,PT60M,34.3,44,76.8,13.6,0,0,0,0,0,0,40.2,28.8,0.0,961.1,86,3.4,109,0.23
2021-07-02T06:00:00Z,2021-07-02T05:00:00Z,PT60M,34.0,31,90.5,14.4,0,0,0,0,0,0,41.5,30.8,0.0,961.7,106,4.8,117,0.23
2021-07-02T07:00:00Z,2021-07-02T06:00:00Z,PT60M,34.1,16,83.1,14.6,0,0,0,0,0,0,41.5,31.0,0.0,961.8,132,1.7,122,0.23
2021-07-02T08:00:00Z,2021-07-02T07:00:00Z,PT60M,33.5,0,66.6,14.7,0,0,0,0,0,0,40.6,32.4,0.0,961.8,286,2.0,124,0.23
2021-07-02T09:00:00Z,2021-07-02T08:00:00Z,PT60M,32.2,-16,54.3,15.1,0,0,0,0,0,0,40.4,35.7,0.0,961.8,313,2.8,122,0.23
2021-07-02T10:00:00Z,2021-07-02T09:00:00Z,PT60M,31.0,-31,48.6,15.4,0,0,0,0,0,0,40.9,38.9,0.0,962.0,323,2.6,117,0.23
2021-07-02T11:00:00Z,2021-07-02T10:00:00Z,PT60M,30.3,-43,62.6,15.7,0,0,0,0,0,0,41.2,41.1,0.0,962.3,327,2.3,109,0.23
2021-07-02T12:00:00Z,2021-07-02T11:00:00Z,PT60M,29.7,-54,54.9,16.0,0,0,0,0,0,0,42.3,43.7,0.0,962.7,310,1.8,100,0.23
2021-07-02T13:00:00Z,2021-07-02T12:00:00Z,PT60M,29.2,-62,37.7,16.4,8,0,0,8,8,8,43.5,46.0,0.0,963.2,274,2.4,89,0.23
2021-07-02T14:00:00Z,2021-07-02T13:00:00Z,PT60M,29.7,-70,54.5,16.8,55,0,0,55,52,55,44.6,46.0,0.0,963.8,266,3.3,78,0.23
2021-07-02T15:00:00Z,2021-07-02T14:00:00Z,PT60M,30.7,-77,40.1,16.9,173,80,36,209,187,265,45.6,43.5,0.0,964.4,268,3.6,66,0.23
2021-07-02T16:00:00Z,2021-07-02T15:00:00Z,PT60M,31.3,-84,44.6,16.7,296,0,0,296,281,296,45.9,41.4,0.0,964.6,269,3.2,53,0.23
2021-07-02T17:00:00Z,2021-07-02T16:00:00Z,PT60M,31.6,-92,54.7,16.5,325,0,0,325,308,325,46.1,40.4,0.0,964.7,266,2.6,41,0.23
2021-07-02T18:00:00Z,2021-07-02T17:00:00Z,PT60M,31.7,-103,71.8,16.8,240,0,0,240,227,240,47.1,40.9,0.0,964.9,259,2.5,28,0.23
2021-07-02T19:00:00Z,2021-07-02T18:00:00Z,PT60M,31.8,-124,58.6,17.3,393,2,2,396,375,396,48.1,42.0,0.0,964.9,256,2.6,17,0.23
2021-07-02T20:00:00Z,2021-07-02T19:00:00Z,PT60M,32.2,-179,17.2,17.4,443,377,370,813,782,814,48.2,41.1,0.0,964.6,264,2.8,11,0.23
2021-07-02T21:00:00Z,2021-07-02T20:00:00Z,PT60M,32.8,125,2.0,17.3,234,734,703,936,901,963,47.7,39.6,0.0,963.8,282,2.7,17,0.23
2021-07-02T22:00:00Z,2021-07-02T21:00:00Z,PT60M,33.3,104,7.9,17.1,283,590,524,807,765,883,47.0,38.0,0.0,963.1,278,2.7,28,0.23
2021-07-02T23:00:00Z,2021-07-02T22:00:00Z,PT60M,33.6,93,3.2,16.8,189,689,524,713,648,907,46.4,36.8,0.0,962.6,249,2.7,40,0.23
2021-07-03T00:00:00Z,2021-07-02T23:00:00Z,PT60M,34.8,85,28.1,15.8,294,173,114,408,374,484,44.5,32.2,0.0,961.5,233,3.2,53,0.23
2021-07-03T01:00:00Z,2021-07-03T00:00:00Z,PT60M,35.9,78,35.1,15.2,209,59,24,233,211,280,43.3,29.1,0.0,960.5,230,4.2,65,0.23
2021-07-03T02:00:00Z,2021-07-03T01:00:00Z,PT60M,35.3,70,71.9,15.9,35,0,0,35,34,35,44.8,31.4,0.0,960.9,229,5.0,77,0.23
2021-07-03T03:00:00Z,2021-07-03T02:00:00Z,PT60M,34.1,63,61.8,16.5,11,0,0,11,10,11,46.0,34.9,0.0,961.3,238,5.4,89,0.23
2021-07-03T04:00:00Z,2021-07-03T03:00:00Z,PT60M,32.2,54,91.0,16.8,0,0,0,0,0,0,47.6,39.8,0.0,962.5,210,2.6,100,0.23
2021-07-03T05:00:00Z,2021-07-03T04:00:00Z,PT60M,29.1,44,96.6,17.7,0,0,0,0,0,0,49.5,50.0,0.0,964.4,115,5.8,109,0.23
2021-07-03T06:00:00Z,2021-07-03T05:00:00Z,PT60M,27.3,31,93.5,18.1,0,0,0,0,0,0,49.1,57.1,0.0,964.9,120,7.5,117,0.23
2021-07-03T07:00:00Z,2021-07-03T06:00:00Z,PT60M,27.6,17,92.5,18.0,0,0,0,0,0,0,47.8,55.7,0.0,964.5,145,4.8,122,0.23
2021-07-03T08:00:00Z,2021-07-03T07:00:00Z,PT60M,27.9,0,95.7,18.0,0,0,0,0,0,0,47.3,55.0,0.0,964.3,145,1.8,124,0.23
2021-07-03T09:00:00Z,2021-07-03T08:00:00Z,PT60M,28.3,-16,79.5,18.1,0,0,0,0,0,0,47.6,54.2,0.0,964.0,101,1.8,122,0.23
2021-07-03T10:00:00Z,2021-07-03T09:00:00Z,PT60M,28.5,-31,58.8,18.3,0,0,0,0,0,0,48.0,54.1,0.0,963.6,120,2.2,117,0.23
2021-07-03T11:00:00Z,2021-07-03T10:00:00Z,PT60M,28.5,-43,30.5,18.5,0,0,0,0,0,0,48.3,54.8,0.0,963.6,120,2.1,109,0.23
2021-07-03T12:00:00Z,2021-07-03T11:00:00Z,PT60M,28.5,-54,29.0,18.4,0,0,0,0,0,0,48.6,54.3,0.0,963.8,107,2.1,100,0.23
2021-07-03T13:00:00Z,2021-07-03T12:00:00Z,PT60M,28.8,-63,51.0,18.1,9,25,2,12,8,9,48.8,52.5,0.0,964.1,107,2.3,89,0.23
2021-07-03T14:00:00Z,2021-07-03T13:00:00Z,PT60M,29.7,-70,9.6,18.1,86,204,44,129,83,215,49.1,49.6,0.0,964.4,118,2.6,78,0.23
2021-07-03T15:00:00Z,2021-07-03T14:00:00Z,PT60M,31.3,-77,35.2,17.9,194,59,20,214,192,263,49.4,44.8,0.0,964.7,135,2.9,66,0.23
2021-07-03T16:00:00Z,2021-07-03T15:00:00Z,PT60M,32.9,-84,26.4,17.6,311,152,95,406,372,484,49.5,40.1,0.0,964.7,149,2.6,53,0.23
2021-07-03T17:00:00Z,2021-07-03T16:00:00Z,PT60M,34.1,-92,50.2,17.3,362,0,0,362,344,362,49.7,36.9,0.0,964.5,167,2.0,41,0.23
2021-07-03T18:00:00Z,2021-07-03T17:00:00Z,PT60M,35.1,-103,26.8,17.0,468,190,173,640,610,662,49.9,34.3,0.0,964.2,178,1.4,28,0.23
2021-07-03T19:00:00Z,2021-07-03T18:00:00Z,PT60M,36.2,-124,16.3,16.8,434,385,369,803,772,817,50.1,31.9,0.0,963.8,207,0.8,17,0.23
2021-07-03T20:00:00Z,2021-07-03T19:00:00Z,PT60M,37.3,-179,0.9,16.5,190,804,790,980,950,983,50.3,29.4,0.0,963.2,262,1.0,11,0.23
2021-07-03T21:00:00Z,2021-07-03T20:00:00Z,PT60M,38.4,126,0.7,16.2,187,800,765,952,917,980,50.4,27.1,0.0,962.3,280,1.9,17,0.23
2021-07-03T22:00:00Z,2021-07-03T21:00:00Z,PT60M,38.3,104,5.5,16.2,270,620,550,820,777,901,50.6,27.2,0.0,961.6,274,3.0,28,0.23
2021-07-03T23:00:00Z,2021-07-03T22:00:00Z,PT60M,37.3,93,52.6,16.4,339,17,14,354,335,358,50.2,29.2,0.0,961.0,246,4.4,40,0.23
2021-07-04T00:00:00Z,2021-07-03T23:00:00Z,PT60M,36.7,85,90.7,16.5,51,0,0,51,49,51,50.7,30.5,0.0,960.8,230,6.5,53,0.23
2021-07-04T01:00:00Z,2021-07-04T00:00:00Z,PT60M,33.9,78,94.1,17.8,21,0,0,21,20,21,52.7,38.5,0.0,961.5,179,3.6,65,0.23
2021-07-04T02:00:00Z,2021-07-04T01:00:00Z,PT60M,28.6,71,94.5,19.8,6,0,0,6,6,6,54.5,58.9,0.0,962.9,95,6.3,77,0.23
2021-07-04T03:00:00Z,2021-07-04T02:00:00Z,PT60M,26.5,63,56.6,20.8,4,0,0,4,4,4,55.6,70.8,0.0,963.9,61,4.6,89,0.23
2021-07-04T04:00:00Z,2021-07-04T03:00:00Z,PT60M,27.2,54,91.6,20.7,0,0,0,0,0,0,56.1,67.7,0.0,964.3,13,2.2,100,0.23
2021-07-04T05:00:00Z,2021-07-04T04:00:00Z,PT60M,27.4,44,94.0,20.6,0,0,0,0,0,0,55.9,66.8,0.0,965.1,135,1.0,109,0.23
2021-07-04T06:00:00Z,2021-07-04T05:00:00Z,PT60M,26.8,31,95.8,20.8,0,0,0,0,0,0,54.5,69.8,0.0,966.1,83,2.6,117,0.23
2021-07-04T07:00:00Z,2021-07-04T06:00:00Z,PT60M,26.6,17,90.4,20.7,0,0,0,0,0,0,51.9,70.2,0.0,966.1,57,3.7,122,0.23
2021-07-04T08:00:00Z,2021-07-04T07:00:00Z,PT60M,27.1,0,74.7,20.4,0,0,0,0,0,0,50.7,66.9,0.0,965.5,95,2.7,124,0.23
2021-07-04T09:00:00Z,2021-07-04T08:00:00Z,PT60M,27.2,-16,71.8,20.3,0,0,0,0,0,0,51.2,66.0,0.0,965.2,137,3.0,122,0.23
2021-07-04T10:00:00Z,2021-07-04T09:00:00Z,PT60M,27.0,-31,44.9,20.4,0,0,0,0,0,0,51.3,66.9,0.0,964.8,164,3.3,117,0.23
2021-07-04T11:00:00Z,2021-07-04T10:00:00Z,PT60M,26.9,-43,45.9,20.3,0,0,0,0,0,0,51.2,67.2,0.0,964.7,170,2.6,110,0.23
2021-07-04T12:00:00Z,2021-07-04T11:00:00Z,PT60M,26.8,-54,45.3,20.4,0,0,0,0,0,0,51.8,68.1,0.0,964.9,151,1.7,100,0.23
2021-07-04T13:00:00Z,2021-07-04T12:00:00Z,PT60M,26.4,-63,29.9,20.6,10,4,0,11,10,10,52.5,70.6,0.0,965.3,149,1.8,89,0.23
2021-07-04T14:00:00Z,2021-07-04T13:00:00Z,PT60M,26.3,-70,3.0,20.7,81,181,41,122,79,210,53.0,71.3,0.0,965.8,171,2.4,78,0.23
2021-07-04T15:00:00Z,2021-07-04T14:00:00Z,PT60M,26.8,-77,1.1,20.4,152,365,152,304,232,566,53.2,68.2,0.0,966.1,180,3.0,66,0.23
2021-07-04T16:00:00Z,2021-07-04T15:00:00Z,PT60M,27.9,-84,3.9,20.0,245,399,237,482,419,692,53.0,61.9,0.0,966.1,184,2.7,53,0.23
2021-07-04T17:00:00Z,2021-07-04T16:00:00Z,PT60M,29.4,-92,1.3,19.5,283,508,384,667,611,825,52.7,55.4,0.0,966.0,194,1.8,41,0.23
2021-07-04T18:00:00Z,2021-07-04T17:00:00Z,PT60M,30.9,-103,11.0,19.1,452,314,272,723,685,778,52.3,49.3,0.0,965.8,221,1.5,29,0.23
2021-07-04T19:00:00Z,2021-07-04T18:00:00Z,PT60M,32.6,-124,11.1,18.5,463,372,355,818,786,836,51.8,43.4,0.0,965.4,249,1.5,17,0.23
2021-07-04T20:00:00Z,2021-07-04T19:00:00Z,PT60M,34.0,-178,6.8,17.6,379,528,519,898,868,899,50.6,37.9,0.0,964.7,279,1.6,11,0.23
2021-07-04T21:00:00Z,2021-07-04T20:00:00Z,PT60M,35.4,126,6.0,16.6,345,564,541,886,854,906,48.9,32.7,0.0,963.8,300,2.2,17,0.23
2021-07-04T22:00:00Z,2021-07-04T21:00:00Z,PT60M,36.5,104,19.3,15.7,470,259,226,696,661,739,47.4,29.1,0.0,962.9,306,2.8,28,0.23
2021-07-04T23:00:00Z,2021-07-04T22:00:00Z,PT60M,37.2,93,18.2,15.3,387,270,210,597,558,680,46.4,27.3,0.0,962.1,301,3.0,40,0.23
2021-07-05T00:00:00Z,2021-07-04T23:00:00Z,PT60M,37.5,85,25.6,15.1,350,98,57,407,377,465,46.0,26.6,0.0,961.4,294,3.1,53,0.23
2021-07-05T01:00:00Z,2021-07-05T00:00:00Z,PT60M,37.6,78,14.6,15.1,184,266,116,300,246,484,45.8,26.4,0.0,960.9,288,3.0,65,0.23
2021-07-05T02:00:00Z,2021-07-05T01:00:00Z,PT60M,37.3,71,21.6,15.3,84,155,44,127,90,232,45.6,27.2,0.0,960.9,285,2.5,77,0.23
2021-07-05T03:00:00Z,2021-07-05T02:00:00Z,PT60M,36.2,63,51.6,15.9,10,0,0,10,9,10,45.8,30.0,0.0,961.2,294,1.3,89,0.23
2021-07-05T04:00:00Z,2021-07-05T03:00:00Z,PT60M,34.9,54,35.3,16.5,0,0,0,0,0,0,46.3,33.5,0.0,961.8,24,0.5,100,0.23
2021-07-05T05:00:00Z,2021-07-05T04:00:00Z,PT60M,34.2,44,59.3,16.9,0,0,0,0,0,0,47.2,35.9,0.0,962.3,47,1.4,109,0.23
2021-07-05T06:00:00Z,2021-07-05T05:00:00Z,PT60M,33.6,31,63.8,17.4,0,0,0,0,0,0,48.1,38.1,0.0,962.6,3,0.6,117,0.23
2021-07-05T07:00:00Z,2021-07-05T06:00:00Z,PT60M,33.3,17,61.2,17.5,0,0,0,0,0,0,48.4,39.2,0.0,962.7,251,1.9,122,0.23
2021-07-05T08:00:00Z,2021-07-05T07:00:00Z,PT60M,32.3,0,40.7,17.4,0,0,0,0,0,0,48.2,41.1,0.0,962.6,238,2.4,124,0.23
2021-07-05T09:00:00Z,2021-07-05T08:00:00Z,PT60M,31.1,-16,44.5,17.8,0,0,0,0,0,0,47.9,45.1,0.0,962.5,204,2.2,122,0.23
2021-07-05T10:00:00Z,2021-07-05T09:00:00Z,PT60M,30.4,-31,43.6,17.9,0,0,0,0,0,0,47.3,47.2,0.0,962.5,188,2.4,117,0.23
2021-07-05T11:00:00Z,2021-07-05T10:00:00Z,PT60M,30.1,-43,15.2,17.9,0,0,0,0,0,0,46.6,48.2,0.0,962.7,183,2.1,110,0.23
2021-07-05T12:00:00Z,2021-07-05T11:00:00Z,PT60M,29.9,-54,25.4,17.9,0,0,0,0,0,0,45.8,48.7,0.0,963.1,165,1.5,100,0.23
2021-07-05T13:00:00Z,2021-07-05T12:00:00Z,PT60M,29.7,-63,58.4,17.9,8,0,0,8,8,8,44.6,49.1,0.0,963.5,138,1.3,90,0.23
2021-07-05T14:00:00Z,2021-07-05T13:00:00Z,PT60M,30.3,-70,42.4,17.6,81,0,0,81,77,81,43.8,46.7,0.0,964.0,136,1.3,78,0.23
2021-07-05T15:00:00Z,2021-07-05T14:00:00Z,PT60M,31.3,-77,55.9,16.8,146,0,0,146,138,146,43.3,41.8,0.0,964.4,152,0.8,66,0.23
2021-07-05T16:00:00Z,2021-07-05T15:00:00Z,PT60M,32.1,-84,63.0,16.4,207,0,0,207,197,207,42.9,39.0,0.0,964.6,159,0.6,54,0.23
2021-07-05T17:00:00Z,2021-07-05T16:00:00Z,PT60M,32.6,-92,32.6,16.2,450,56,43,493,467,512,42.7,37.5,0.0,964.7,154,0.9,41,0.23
2021-07-05T18:00:00Z,2021-07-05T17:00:00Z,PT60M,33.0,-103,20.3,16.4,437,295,261,698,663,742,42.9,37.1,0.0,964.9,146,1.1,29,0.23
2021-07-05T19:00:00Z,2021-07-05T18:00:00Z,PT60M,33.8,-124,6.6,16.5,244,690,662,906,874,929,42.8,35.6,0.0,964.8,138,0.8,17,0.23
2021-07-05T20:00:00Z,2021-07-05T19:00:00Z,PT60M,35.0,-178,0.4,16.0,145,868,853,998,968,1000,41.9,32.2,0.0,964.2,354,0.3,11,0.23
2021-07-05T21:00:00Z,2021-07-05T20:00:00Z,PT60M,36.5,126,0.0,15.3,134,878,840,975,940,1004,40.7,28.5,0.0,963.3,329,1.8,17,0.23
2021-07-05T22:00:00Z,2021-07-05T21:00:00Z,PT60M,37.8,104,0.0,14.4,135,852,751,886,838,993,39.4,24.9,0.0,962.3,318,3.0,28,0.23
2021-07-05T23:00:00Z,2021-07-05T22:00:00Z,PT60M,38.9,93,0.0,13.4,126,817,621,747,678,966,38.1,22.1,0.0,961.2,302,4.1,40,0.23
2021-07-06T00:00:00Z,2021-07-05T23:00:00Z,PT60M,39.5,85,0.0,12.6,112,754,455,566,474,905,37.4,20.3,0.0,960.5,292,5.0,53,0.23
2021-07-06T01:00:00Z,2021-07-06T00:00:00Z,PT60M,39.7,78,0.0,12.2,92,639,269,361,253,778,37.4,19.7,0.0,960.4,289,5.2,65,0.23
2021-07-06T02:00:00Z,2021-07-06T01:00:00Z,PT60M,39.1,71,5.2,12.4,68,338,84,152,79,334,37.4,20.5,0.0,960.6,287,4.4,77,0.23
2021-07-06T03:00:00Z,2021-07-06T02:00:00Z,PT60M,37.8,63,36.0,12.3,13,1,0,13,12,13,36.7,21.8,0.0,960.7,280,4.7,89,0.23
2021-07-06T04:00:00Z,2021-07-06T03:00:00Z,PT60M,36.4,54,28.6,11.6,0,0,0,0,0,0,35.9,22.4,0.0,961.1,272,5.9,100,0.23
2021-07-06T05:00:00Z,2021-07-06T04:00:00Z,PT60M,35.3,44,21.3,11.5,0,0,0,0,0,0,36.0,23.7,0.0,961.6,263,6.1,109,0.23
2021-07-06T06:00:00Z,2021-07-06T05:00:00Z,PT60M,34.5,31,39.6,12.0,0,0,0,0,0,0,36.4,25.6,0.0,961.7,258,5.9,117,0.23
2021-07-06T07:00:00Z,2021-07-06T06:00:00Z,PT60M,34.3,17,53.0,12.6,0,0,0,0,0,0,35.7,26.9,0.0,961.6,255,5.8,122,0.23
2021-07-06T08:00:00Z,2021-07-06T07:00:00Z,PT60M,34.0,0,47.0,12.2,0,0,0,0,0,0,34.1,26.6,0.0,961.7,255,6.7,124,0.23
2021-07-06T09:00:00Z,2021-07-06T08:00:00Z,PT60M,33.7,-16,31.6,9.9,0,0,0,0,0,0,32.2,23.3,0.0,961.7,259,7.3,122,0.23
2021-07-06T10:00:00Z,2021-07-06T09:00:00Z,PT60M,33.1,-31,29.1,7.9,0,0,0,0,0,0,30.9,21.0,0.0,961.7,264,6.7,117,0.23
2021-07-06T11:00:00Z,2021-07-06T10:00:00Z,PT60M,32.4,-43,55.8,7.6,0,0,0,0,0,0,31.0,21.4,0.0,961.8,266,5.5,110,0.23
2021-07-06T12:00:00Z,2021-07-06T11:00:00Z,PT60M,31.7,-54,42.6,8.8,0,0,0,0,0,0,31.4,24.1,0.0,962.4,257,3.4,100,0.23
2021-07-06T13:00:00Z,2021-07-06T12:00:00Z,PT60M,31.1,-63,14.0,10.4,10,7,1,11,10,10,31.2,27.9,0.0,963.2,232,2.2,90,0.23
2021-07-06T14:00:00Z,2021-07-06T13:00:00Z,PT60M,31.4,-70,12.7,11.6,83,152,39,121,84,214,30.5,29.7,0.0,963.7,226,2.5,78,0.23
2021-07-06T15:00:00Z,2021-07-06T14:00:00Z,PT60M,32.6,-77,3.8,11.7,141,444,182,323,239,640,30.0,27.9,0.0,964.2,243,2.8,66,0.23
2021-07-06T16:00:00Z,2021-07-06T15:00:00Z,PT60M,34.2,-85,11.3,10.3,246,400,244,490,429,691,29.3,23.2,0.0,964.2,263,3.4,54,0.23
2021-07-06T17:00:00Z,2021-07-06T16:00:00Z,PT60M,35.7,-93,2.2,8.6,191,704,532,722,657,927,28.9,19.1,0.0,963.8,275,3.9,41,0.23
2021-07-06T18:00:00Z,2021-07-06T17:00:00Z,PT60M,37.1,-103,0.0,7.4,165,823,721,886,837,997,28.6,16.4,0.0,963.5,279,4.0,29,0.23
2021-07-06T19:00:00Z,2021-07-06T18:00:00Z,PT60M,38.5,-125,0.0,6.6,151,873,833,985,950,1017,28.3,14.3,0.0,963.1,280,4.3,17,0.23
2021-07-06T20:00:00Z,2021-07-06T19:00:00Z,PT60M,39.7,-178,0.0,5.9,147,889,873,1020,991,1022,27.9,12.8,0.0,962.3,280,4.9,11,0.23
2021-07-06T21:00:00Z,2021-07-06T20:00:00Z,PT60M,40.7,127,0.0,5.2,144,887,849,992,958,1022,27.2,11.6,0.0,961.4,279,5.3,17,0.23
2021-07-06T22:00:00Z,2021-07-06T21:00:00Z,PT60M,41.4,104,0.0,4.7,142,864,761,903,855,1012,26.3,10.8,0.0,960.5,276,5.7,28,0.23
2021-07-06T23:00:00Z,2021-07-06T22:00:00Z,PT60M,41.7,93,0.0,4.6,134,825,628,761,692,984,25.8,10.5,0.0,959.7,277,5.8,40,0.23
2021-07-07T00:00:00Z,2021-07-06T23:00:00Z,PT60M,41.6,85,0.0,4.7,120,756,456,576,484,919,25.5,10.6,0.0,959.1,281,6.0,53,0.23
2021-07-07T01:00:00Z,2021-07-07T00:00:00Z,PT60M,41.2,78,0.0,4.7,100,630,265,366,259,782,25.2,10.8,0.0,958.6,279,6.3,65,0.23
2021-07-07T02:00:00Z,2021-07-07T01:00:00Z,PT60M,40.3,71,12.0,5.1,84,215,58,142,93,280,25.3,11.7,0.0,958.5,271,5.9,77,0.23
2021-07-07T03:00:00Z,2021-07-07T02:00:00Z,PT60M,38.5,63,38.7,5.7,11,0,0,11,11,11,25.5,13.5,0.0,958.8,262,5.0,89,0.23
2021-07-07T04:00:00Z,2021-07-07T03:00:00Z,PT60M,36.8,54,22.9,6.6,0,0,0,0,0,0,26.3,15.7,0.0,959.4,256,4.8,100,0.23
2021-07-07T05:00:00Z,2021-07-07T04:00:00Z,PT60M,35.9,44,26.3,8.2,0,0,0,0,0,0,26.9,18.4,0.0,959.9,255,5.6,109,0.23
2021-07-07T06:00:00Z,2021-07-07T05:00:00Z,PT60M,34.8,32,25.2,9.5,0,0,0,0,0,0,26.8,21.3,0.0,960.1,252,5.5,117,0.23
2021-07-07T07:00:00Z,2021-07-07T06:00:00Z,PT60M,33.6,17,24.2,10.0,0,0,0,0,0,0,26.3,23.6,0.0,960.3,239,4.4,122,0.23
2021-07-07T08:00:00Z,2021-07-07T07:00:00Z,PT60M,32.8,1,35.7,10.2,0,0,0,0,0,0,26.0,25.0,0.0,960.5,229,3.5,124,0.23
2021-07-07T09:00:00Z,2021-07-07T08:00:00Z,PT60M,32.1,-16,34.6,10.2,0,0,0,0,0,0,26.2,26.1,0.0,960.6,226,2.4,122,0.23
2021-07-07T10:00:00Z,2021-07-07T09:00:00Z,PT60M,31.1,-31,32.7,10.5,0,0,0,0,0,0,26.9,28.2,0.0,960.9,226,0.8,117,0.23
2021-07-07T11:00:00Z,2021-07-07T10:00:00Z,PT60M,30.4,-43,23.4,10.7,0,0,0,0,0,0,27.5,29.7,0.0,961.2,322,0.9,110,0.23
2021-07-07T12:00:00Z,2021-07-07T11:00:00Z,PT60M,29.8,-54,17.1,10.7,0,0,0,0,0,0,28.0,30.8,0.0,961.5,305,1.1,100,0.23
2021-07-07T13:00:00Z,2021-07-07T12:00:00Z,PT60M,29.5,-63,55.8,11.4,7,10,1,8,6,7,28.4,32.7,0.0,962.1,231,0.3,90,0.23
2021-07-07T14:00:00Z,2021-07-07T13:00:00Z,PT60M,30.7,-70,5.1,11.6,72,303,66,138,73,268,28.5,30.9,0.0,962.8,203,0.5,78,0.23
2021-07-07T15:00:00Z,2021-07-07T14:00:00Z,PT60M,32.5,-78,4.2,11.1,122,522,215,337,242,699,28.2,27.0,0.0,963.0,242,1.0,66,0.23
2021-07-07T16:00:00Z,2021-07-07T15:00:00Z,PT60M,34.2,-85,8.0,10.8,197,534,320,517,443,781,28.1,24.1,0.0,962.8,263,1.1,54,0.23
2021-07-07T17:00:00Z,2021-07-07T16:00:00Z,PT60M,35.8,-93,1.1,10.4,146,788,594,739,671,962,28.2,21.4,0.0,962.4,289,0.8,41,0.23
2021-07-07T18:00:00Z,2021-07-07T17:00:00Z,PT60M,37.3,-104,1.2,9.9,157,830,727,884,836,995,27.8,19.1,0.0,962.1,314,0.7,29,0.23
2021-07-07T19:00:00Z,2021-07-07T18:00:00Z,PT60M,38.6,-125,0.3,9.4,131,900,858,989,956,1022,27.0,17.2,0.0,961.6,310,0.8,17,0.23
2021-07-07T20:00:00Z,2021-07-07T19:00:00Z,PT60M,39.7,-178,0.0,9.1,123,921,904,1027,998,1029,26.8,15.9,0.0,961.0,309,1.0,11,0.23
2021-07-07T21:00:00Z,2021-07-07T20:00:00Z,PT60M,40.6,127,0.0,8.7,121,916,877,998,964,1028,26.7,14.8,0.0,960.2,309,1.4,17,0.23
2021-07-07T22:00:00Z,2021-07-07T21:00:00Z,PT60M,41.3,105,0.0,8.4,118,897,790,909,861,1019,26.2,13.9,0.0,959.3,299,1.9,28,0.23
2021-07-07T23:00:00Z,2021-07-07T22:00:00Z,PT60M,41.8,93,0.0,8.2,110,863,657,767,697,995,25.8,13.4,0.0,958.5,298,2.0,40,0.23
2021-07-08T00:00:00Z,2021-07-07T23:00:00Z,PT60M,41.9,85,0.0,8.2,100,801,483,583,488,938,25.4,13.3,0.0,957.8,308,1.9,53,0.23
2021-07-08T01:00:00Z,2021-07-08T00:00:00Z,PT60M,41.8,78,0.0,8.2,85,682,287,372,260,813,25.8,13.4,0.0,957.2,326,1.7,65,0.23
2021-07-08T02:00:00Z,2021-07-08T01:00:00Z,PT60M,41.0,71,9.9,9.6,74,292,76,150,87,324,27.2,15.3,0.0,957.1,358,1.0,77,0.23
2021-07-08T03:00:00Z,2021-07-08T02:00:00Z,PT60M,39.4,63,41.1,10.0,11,0,0,11,11,11,29.4,17.1,0.0,957.6,91,1.4,89,0.23
2021-07-08T04:00:00Z,2021-07-08T03:00:00Z,PT60M,38.1,55,30.7,9.0,0,0,0,0,0,0,31.6,17.2,0.0,958.5,120,2.9,100,0.23
2021-07-08T05:00:00Z,2021-07-08T04:00:00Z,PT60M,36.3,44,35.0,11.0,0,0,0,0,0,0,34.2,21.7,0.0,959.8,159,4.2,109,0.23
2021-07-08T06:00:00Z,2021-07-08T05:00:00Z,PT60M,34.4,32,31.1,14.0,0,0,0,0,0,0,37.4,29.3,0.0,960.8,171,5.0,117,0.23
2021-07-08T07:00:00Z,2021-07-08T06:00:00Z,PT60M,33.9,17,57.9,15.5,0,0,0,0,0,0,40.1,33.2,0.0,961.1,175,4.6,122,0.23
2021-07-08T08:00:00Z,2021-07-08T07:00:00Z,PT60M,33.5,1,21.7,17.0,0,0,0,0,0,0,42.5,37.4,0.0,961.5,197,5.2,124,0.23
2021-07-08T09:00:00Z,2021-07-08T08:00:00Z,PT60M,33.1,-16,28.6,18.2,0,0,0,0,0,0,43.5,41.3,0.0,961.5,220,4.8,122,0.23
2021-07-08T10:00:00Z,2021-07-08T09:00:00Z,PT60M,32.8,-31,33.2,18.5,0,0,0,0,0,0,43.3,42.6,0.0,961.3,254,2.9,117,0.23
2021-07-08T11:00:00Z,2021-07-08T10:00:00Z,PT60M,32.3,-43,44.8,18.5,0,0,0,0,0,0,43.9,44.2,0.0,961.7,299,1.8,110,0.23
2021-07-08T12:00:00Z,2021-07-08T11:00:00Z,PT60M,31.9,-54,35.8,18.4,0,0,0,0,0,0,44.3,44.6,0.0,962.0,334,0.8,100,0.23
2021-07-08T13:00:00Z,2021-07-08T12:00:00Z,PT60M,32.0,-63,18.5,18.2,9,6,1,9,8,9,44.1,43.9,0.0,962.2,353,0.5,90,0.23
2021-07-08T14:00:00Z,2021-07-08T13:00:00Z,PT60M,32.6,-70,1.8,18.0,73,231,52,125,74,232,43.7,42.0,0.0,962.6,348,1.0,78,0.23
2021-07-08T15:00:00Z,2021-07-08T14:00:00Z,PT60M,33.9,-78,7.6,17.7,163,342,139,302,234,555,43.1,38.2,0.0,962.9,24,1.3,66,0.23
2021-07-08T16:00:00Z,2021-07-08T15:00:00Z,PT60M,35.3,-85,4.4,17.3,186,555,329,516,440,794,41.8,34.5,0.0,963.0,50,1.8,54,0.23
2021-07-08T17:00:00Z,2021-07-08T16:00:00Z,PT60M,36.6,-93,1.0,16.7,164,740,557,721,656,933,40.7,31.0,0.0,962.9,61,2.0,41,0.23
2021-07-08T18:00:00Z,2021-07-08T17:00:00Z,PT60M,37.7,-104,0.6,16.3,170,798,697,867,821,976,40.4,28.4,0.0,962.8,81,1.7,29,0.23
2021-07-08T19:00:00Z,2021-07-08T18:00:00Z,PT60M,38.6,-125,1.6,15.9,198,788,752,950,918,981,39.6,26.4,0.0,962.6,97,1.4,17,0.23
2021-07-08T20:00:00Z,2021-07-08T19:00:00Z,PT60M,39.5,-178,0.4,15.4,176,835,819,995,968,998,38.8,24.3,0.0,962.0,111,1.0,11,0.23
2021-07-08T21:00:00Z,2021-07-08T20:00:00Z,PT60M,40.4,127,0.0,14.9,160,849,812,972,940,1000,38.7,22.4,0.0,961.3,138,0.9,17,0.23
2021-07-08T22:00:00Z,2021-07-08T21:00:00Z,PT60M,41.0,105,0.0,14.4,141,847,746,887,841,993,38.2,21.1,0.0,960.5,175,1.1,28,0.23
2021-07-08T23:00:00Z,2021-07-08T22:00:00Z,PT60M,41.4,93,0.0,14.1,126,819,623,749,682,969,36.9,20.3,0.0,959.5,198,1.8,40,0.23
2021-07-09T00:00:00Z,2021-07-08T23:00:00Z,PT60M,41.7,85,0.0,13.9,110,761,459,568,478,910,36.3,19.6,0.0,959.0,190,1.8,53,0.23
2021-07-09T01:00:00Z,2021-07-09T00:00:00Z,PT60M,41.6,78,2.2,13.6,100,601,256,357,257,750,37.2,19.3,0.0,958.9,141,0.7,65,0.23
2021-07-09T02:00:00Z,2021-07-09T01:00:00Z,PT60M,39.2,71,27.2,14.1,94,99,26,121,94,188,39.9,22.7,0.0,959.3,47,5.5,77,0.23
2021-07-09T03:00:00Z,2021-07-09T02:00:00Z,PT60M,37.0,63,34.1,13.1,10,0,0,10,10,10,40.4,24.1,0.0,959.5,45,8.0,89,0.23
2021-07-09T04:00:00Z,2021-07-09T03:00:00Z,PT60M,36.7,55,50.3,12.1,0,0,0,0,0,0,38.3,22.9,0.0,959.2,64,4.6,100,0.23
2021-07-09T05:00:00Z,2021-07-09T04:00:00Z,PT60M,36.1,44,44.8,13.8,0,0,0,0,0,0,38.7,26.5,0.0,960.0,45,1.1,109,0.23
2021-07-09T06:00:00Z,2021-07-09T05:00:00Z,PT60M,35.2,32,28.5,15.8,0,0,0,0,0,0,42.1,31.6,0.0,961.4,271,5.4,117,0.23
2021-07-09T07:00:00Z,2021-07-09T06:00:00Z,PT60M,34.2,17,31.7,16.7,0,0,0,0,0,0,44.6,35.2,0.0,962.1,258,7.8,122,0.23
2021-07-09T08:00:00Z,2021-07-09T07:00:00Z,PT60M,33.6,1,41.4,16.8,0,0,0,0,0,0,44.8,36.7,0.0,962.1,257,7.1,124,0.23
2021-07-09T09:00:00Z,2021-07-09T08:00:00Z,PT60M,33.2,-16,66.4,16.9,0,0,0,0,0,0,44.6,37.9,0.0,962.0,257,5.8,123,0.23
2021-07-09T10:00:00Z,2021-07-09T09:00:00Z,PT60M,32.9,-31,28.8,17.2,0,0,0,0,0,0,44.4,39.3,0.0,962.1,257,4.2,118,0.23
2021-07-09T11:00:00Z,2021-07-09T10:00:00Z,PT60M,32.3,-43,24.1,17.7,0,0,0,0,0,0,44.0,41.9,0.0,962.5,261,2.3,110,0.23
2021-07-09T12:00:00Z,2021-07-09T11:00:00Z,PT60M,31.7,-54,23.7,18.0,0,0,0,0,0,0,43.1,44.0,0.0,962.7,262,1.4,101,0.23
2021-07-09T13:00:00Z,2021-07-09T12:00:00Z,PT60M,31.6,-63,20.3,18.2,9,10,1,10,9,9,42.6,44.8,0.0,963.0,260,1.7,90,0.23
2021-07-09T14:00:00Z,2021-07-09T13:00:00Z,PT60M,32.3,-71,3.5,18.1,70,281,61,131,71,252,42.5,43.0,0.0,963.6,267,2.1,78,0.23
2021-07-09T15:00:00Z,2021-07-09T14:00:00Z,PT60M,33.8,-78,7.0,17.6,148,402,163,311,233,603,42.8,38.3,0.0,963.9,269,2.8,66,0.23
2021-07-09T16:00:00Z,2021-07-09T15:00:00Z,PT60M,35.4,-85,5.9,16.9,192,535,317,509,435,778,43.3,33.6,0.0,964.1,269,3.2,54,0.23
2021-07-09T17:00:00Z,2021-07-09T16:00:00Z,PT60M,36.8,-93,1.9,16.4,178,708,532,710,647,917,43.0,30.1,0.0,964.2,277,3.6,41,0.23
2021-07-09T18:00:00Z,2021-07-09T17:00:00Z,PT60M,38.0,-104,1.2,16.4,182,773,676,858,813,965,42.4,28.1,0.0,964.1,284,3.7,29,0.23
2021-07-09T19:00:00Z,2021-07-09T18:00:00Z,PT60M,39.3,-125,1.5,16.5,188,799,761,949,918,980,41.8,26.4,0.0,963.7,289,3.8,17,0.23
2021-07-09T20:00:00Z,2021-07-09T19:00:00Z,PT60M,40.5,-177,0.0,16.4,155,860,843,998,972,1001,41.2,24.7,0.0,963.0,294,4.1,11,0.23
2021-07-09T21:00:00Z,2021-07-09T20:00:00Z,PT60M,41.5,128,0.0,16.1,150,858,821,971,941,1000,40.4,22.9,0.0,962.2,296,4.5,17,0.23
2021-07-09T22:00:00Z,2021-07-09T21:00:00Z,PT60M,42.3,105,0.0,15.7,145,839,739,884,840,990,39.1,21.4,0.0,961.2,292,5.1,28,0.23
2021-07-09T23:00:00Z,2021-07-09T22:00:00Z,PT60M,42.6,94,0.0,15.4,133,804,612,745,680,962,38.7,20.5,0.0,960.5,289,5.9,40,0.23
2021-07-10T00:00:00Z,2021-07-09T23:00:00Z,PT60M,42.5,85,0.0,15.2,118,738,445,563,475,897,39.5,20.5,0.0,960.2,290,6.1,53,0.23
2021-07-10T01:00:00Z,2021-07-10T00:00:00Z,PT60M,42.1,78,0.2,15.1,98,611,258,356,254,759,41.4,20.8,0.0,960.2,293,5.1,65,0.23
2021-07-10T02:00:00Z,2021-07-10T01:00:00Z,PT60M,40.4,71,16.8,14.9,92,141,39,131,97,228,42.1,22.6,0.0,959.9,319,2.8,77,0.23
2021-07-10T03:00:00Z,2021-07-10T02:00:00Z,PT60M,37.3,63,60.9,15.1,8,0,0,8,8,8,43.5,26.9,0.0,960.5,69,0.6,89,0.23
2021-07-10T04:00:00Z,2021-07-10T03:00:00Z,PT60M,35.6,55,72.0,15.8,0,0,0,0,0,0,45.5,30.8,0.0,961.6,158,2.9,100,0.23
2021-07-10T05:00:00Z,2021-07-10T04:00:00Z,PT60M,35.2,44,70.0,16.8,0,0,0,0,0,0,46.9,33.7,0.0,962.3,160,4.5,109,0.23
2021-07-10T06:00:00Z,2021-07-10T05:00:00Z,PT60M,34.9,32,94.8,17.2,0,0,0,0,0,0,47.4,35.0,0.0,962.7,179,2.9,117,0.23
2021-07-10T07:00:00Z,2021-07-10T06:00:00Z,PT60M,34.7,17,94.8,16.8,0,0,0,0,0,0,46.6,34.5,0.0,962.5,251,2.2,122,0.23
2021-07-10T08:00:00Z,2021-07-10T07:00:00Z,PT60M,34.4,1,93.7,16.6,0,0,0,0,0,0,45.9,34.6,0.0,962.5,241,2.4,124,0.23
2021-07-10T09:00:00Z,2021-07-10T08:00:00Z,PT60M,34.1,-16,94.7,16.4,0,0,0,0,0,0,45.3,34.9,0.0,962.5,243,1.9,123,0.23
2021-07-10T10:00:00Z,2021-07-10T09:00:00Z,PT60M,33.4,-31,96.8,16.1,0,0,0,0,0,0,45.0,35.4,0.0,962.5,291,2.0,118,0.23
2021-07-10T11:00:00Z,2021-07-10T10:00:00Z,PT60M,32.7,-43,79.0,15.9,0,0,0,0,0,0,44.3,36.5,0.0,962.5,302,3.2,110,0.23
2021-07-10T12:00:00Z,2021-07-10T11:00:00Z,PT60M,31.9,-54,55.2,16.0,0,0,0,0,0,0,43.7,38.4,0.0,962.7,297,3.6,101,0.23
2021-07-10T13:00:00Z,2021-07-10T12:00:00Z,PT60M,31.6,-63,26.5,16.3,8,8,1,8,7,7,43.6,39.8,0.0,963.1,286,3.1,90,0.23
2021-07-10T14:00:00Z,2021-07-10T13:00:00Z,PT60M,32.1,-71,3.3,16.3,70,278,60,129,70,248,43.2,38.8,0.0,963.5,270,2.7,78,0.23
2021-07-10T15:00:00Z,2021-07-10T14:00:00Z,PT60M,33.5,-78,1.2,16.0,114,531,213,327,234,696,42.5,35.1,0.0,963.8,252,2.5,66,0.23
2021-07-10T16:00:00Z,2021-07-10T15:00:00Z,PT60M,35.2,-85,5.9,15.7,203,510,300,502,431,764,42.0,31.2,0.0,963.9,237,2.6,54,0.23
2021-07-10T17:00:00Z,2021-07-10T16:00:00Z,PT60M,36.9,-93,5.4,15.5,254,562,422,675,620,851,41.6,28.2,0.0,963.7,243,3.0,41,0.23
2021-07-10T18:00:00Z,2021-07-10T17:00:00Z,PT60M,38.5,-104,4.6,15.4,284,607,531,815,775,904,41.7,25.8,0.0,963.3,266,3.4,29,0.23
2021-07-10T19:00:00Z,2021-07-10T18:00:00Z,PT60M,39.9,-125,10.7,15.5,379,500,475,854,825,877,41.9,23.9,0.0,962.9,283,4.1,18,0.23
2021-07-10T20:00:00Z,2021-07-10T19:00:00Z,PT60M,41.1,-177,12.5,15.4,416,460,451,867,841,868,41.8,22.4,0.0,962.2,288,4.8,11,0.23
2021-07-10T21:00:00Z,2021-07-10T20:00:00Z,PT60M,42.2,128,7.7,15.3,325,592,564,889,860,912,41.5,21.0,0.0,961.1,283,5.6,17,0.23
2021-07-10T22:00:00Z,2021-07-10T21:00:00Z,PT60M,42.9,105,1.8,15.1,207,742,653,861,819,958,41.1,20.0,0.0,960.1,278,6.4,28,0.23
2021-07-10T23:00:00Z,2021-07-10T22:00:00Z,PT60M,43.2,94,0.5,14.8,162,753,573,734,672,943,40.5,19.3,0.0,959.2,279,7.3,40,0.23
2021-07-11T00:00:00Z,2021-07-10T23:00:00Z,PT60M,43.0,86,0.0,14.3,135,701,423,557,473,881,39.0,18.8,0.0,958.4,279,7.3,53,0.23
2021-07-11T01:00:00Z,2021-07-11T00:00:00Z,PT60M,42.7,78,1.8,13.6,123,518,220,342,253,695,39.8,18.3,0.0,958.9,279,5.7,65,0.23
2021-07-11T02:00:00Z,2021-07-11T01:00:00Z,PT60M,42.0,71,18.0,13.3,70,223,59,129,80,268,40.8,18.6,0.0,959.4,273,4.8,77,0.23
2021-07-11T03:00:00Z,2021-07-11T02:00:00Z,PT60M,39.7,64,77.8,13.7,5,0,0,5,5,5,40.6,21.5,0.0,959.8,263,4.9,89,0.23
2021-07-11T04:00:00Z,2021-07-11T03:00:00Z,PT60M,37.0,55,95.6,14.6,0,0,0,0,0,0,43.8,26.5,0.0,961.6,259,2.0,100,0.23
2021-07-11T05:00:00Z,2021-07-11T04:00:00Z,PT60M,34.4,44,97.0,16.0,0,0,0,0,0,0,45.8,33.2,0.0,963.1,200,3.3,109,0.23
2021-07-11T06:00:00Z,2021-07-11T05:00:00Z,PT60M,33.4,32,94.3,16.9,0,0,0,0,0,0,42.9,37.3,0.0,962.9,206,4.7,117,0.23
2021-07-11T07:00:00Z,2021-07-11T06:00:00Z,PT60M,33.8,17,96.3,16.7,0,0,0,0,0,0,40.3,36.2,0.0,962.4,136,1.2,122,0.23
2021-07-11T08:00:00Z,2021-07-11T07:00:00Z,PT60M,33.2,1,96.5,16.7,0,0,0,0,0,0,40.6,37.3,0.0,962.7,96,3.2,124,0.23
2021-07-11T09:00:00Z,2021-07-11T08:00:00Z,PT60M,32.1,-16,96.4,17.0,0,0,0,0,0,0,40.2,40.4,0.0,962.6,102,2.0,123,0.23
2021-07-11T10:00:00Z,2021-07-11T09:00:00Z,PT60M,31.6,-31,90.5,17.2,0,0,0,0,0,0,39.7,42.1,0.0,962.3,9,1.1,118,0.23
2021-07-11T11:00:00Z,2021-07-11T10:00:00Z,PT60M,31.2,-44,67.1,17.1,0,0,0,0,0,0,39.9,42.9,0.0,962.2,12,1.6,110,0.23
2021-07-11T12:00:00Z,2021-07-11T11:00:00Z,PT60M,29.9,-54,20.7,17.5,0,0,0,0,0,0,39.8,47.3,0.0,962.5,76,1.2,101,0.23
2021-07-11T13:00:00Z,2021-07-11T12:00:00Z,PT60M,28.8,-63,19.9,17.8,8,8,1,9,7,8,39.8,51.5,0.0,963.1,121,1.7,90,0.23
2021-07-11T14:00:00Z,2021-07-11T13:00:00Z,PT60M,29.2,-71,0.4,17.7,67,277,60,126,68,246,39.5,49.9,0.0,963.6,125,1.7,79,0.23
2021-07-11T15:00:00Z,2021-07-11T14:00:00Z,PT60M,30.3,-78,0.0,17.1,118,510,206,324,234,680,38.6,45.0,0.0,963.9,122,1.7,66,0.23
2021-07-11T16:00:00Z,2021-07-11T15:00:00Z,PT60M,32.2,-85,0.0,16.4,154,642,378,532,450,847,37.7,38.7,0.0,963.9,102,1.4,54,0.23
2021-07-11T17:00:00Z,2021-07-11T16:00:00Z,PT60M,34.3,-93,0.0,15.7,179,720,539,718,655,931,37.5,33.1,0.0,963.6,79,1.3,42,0.23
2021-07-11T18:00:00Z,2021-07-11T17:00:00Z,PT60M,36.0,-104,0.2,15.5,204,752,656,859,816,967,37.9,29.6,0.0,963.2,78,0.6,29,0.23
2021-07-11T19:00:00Z,2021-07-11T18:00:00Z,PT60M,37.6,-126,2.7,15.4,296,655,623,918,889,946,38.5,27.1,0.0,962.6,255,0.5,18,0.23
2021-07-11T20:00:00Z,2021-07-11T19:00:00Z,PT60M,39.0,-177,2.8,15.3,308,653,640,949,924,951,38.9,24.8,0.0,961.8,266,1.5,12,0.23
2021-07-11T21:00:00Z,2021-07-11T20:00:00Z,PT60M,40.4,128,1.3,15.3,273,693,662,935,907,960,39.0,23.0,0.0,960.8,275,2.4,17,0.23
2021-07-11T22:00:00Z,2021-07-11T21:00:00Z,PT60M,41.6,106,1.5,15.2,268,655,576,844,804,934,39.0,21.5,0.0,959.8,280,3.6,28,0.23
2021-07-11T23:00:00Z,2021-07-11T22:00:00Z,PT60M,42.5,94,1.7,15.3,237,612,468,706,651,882,38.7,20.6,0.0,958.7,277,5.4,40,0.23
2021-07-12T00:00:00Z,2021-07-11T23:00:00Z,PT60M,42.4,86,12.7,15.3,298,281,169,467,419,621,38.3,20.7,0.0,958.1,277,7.1,53,0.23
2021-07-12T01:00:00Z,2021-07-12T00:00:00Z,PT60M,41.5,79,28.1,15.2,204,96,44,248,222,318,38.2,21.5,0.0,957.9,281,7.7,65,0.23
2021-07-12T02:00:00Z,2021-07-12T01:00:00Z,PT60M,40.5,71,87.4,15.2,15,0,0,15,14,15,39.4,22.8,0.0,958.2,283,6.9,78,0.23
2021-07-12T03:00:00Z,2021-07-12T02:00:00Z,PT60M,39.3,64,92.7,15.9,1,0,0,1,1,1,40.1,25.5,0.0,958.3,274,7.5,89,0.23
2021-07-12T04:00:00Z,2021-07-12T03:00:00Z,PT60M,37.7,55,51.5,16.9,0,0,0,0,0,0,40.4,29.5,0.0,958.8,269,8.9,100,0.23
2021-07-12T05:00:00Z,2021-07-12T04:00:00Z,PT60M,36.4,45,43.0,17.5,0,0,0,0,0,0,40.9,33.0,0.0,959.9,264,8.3,110,0.23
2021-07-12T06:00:00Z,2021-07-12T05:00:00Z,PT60M,35.4,32,27.6,17.6,0,0,0,0,0,0,39.7,34.8,0.0,960.4,252,7.3,117,0.23
2021-07-12T07:00:00Z,2021-07-12T06:00:00Z,PT60M,34.9,17,25.3,17.5,0,0,0,0,0,0,38.7,35.7,0.0,960.3,250,6.0,123,0.23
2021-07-12T08:00:00Z,2021-07-12T07:00:00Z,PT60M,34.3,1,38.9,17.4,0,0,0,0,0,0,38.3,36.8,0.0,960.3,260,4.0,125,0.23
2021-07-12T09:00:00Z,2021-07-12T08:00:00Z,PT60M,33.6,-16,50.2,17.3,0,0,0,0,0,0,38.2,37.8,0.0,960.6,255,2.1,123,0.23
2021-07-12T10:00:00Z,2021-07-12T09:00:00Z,PT60M,33.1,-31,53.5,17.1,0,0,0,0,0,0,38.8,38.5,0.0,961.0,250,1.1,118,0.23
2021-07-12T11:00:00Z,2021-07-12T10:00:00Z,PT60M,32.6,-44,46.5,17.2,0,0,0,0,0,0,40.2,39.7,0.0,961.6,266,1.0,110,0.23
2021-07-12T12:00:00Z,2021-07-12T11:00:00Z,PT60M,31.8,-54,27.0,17.1,0,0,0,0,0,0,41.3,41.4,0.0,962.5,250,2.0,101,0.23
2021-07-12T13:00:00Z,2021-07-12T12:00:00Z,PT60M,31.0,-63,38.7,17.2,6,0,0,6,5,6,41.6,43.6,0.0,963.5,221,2.2,90,0.23
2021-07-12T14:00:00Z,2021-07-12T13:00:00Z,PT60M,31.1,-71,3.3,17.1,73,176,39,113,73,199,41.6,43.1,0.0,964.5,182,3.0,79,0.23
2021-07-12T15:00:00Z,2021-07-12T14:00:00Z,PT60M,32.4,-78,0.5,16.9,139,413,166,305,229,603,41.2,39.7,0.0,965.0,179,4.3,67,0.23
2021-07-12T16:00:00Z,2021-07-12T15:00:00Z,PT60M,33.5,-85,4.2,16.9,219,464,274,493,427,736,40.6,37.0,0.0,965.0,188,3.5,54,0.23
2021-07-12T17:00:00Z,2021-07-12T16:00:00Z,PT60M,34.6,-93,3.1,16.6,251,573,429,680,625,860,40.2,34.4,0.0,964.8,221,1.8,42,0.23
2021-07-12T18:00:00Z,2021-07-12T17:00:00Z,PT60M,35.5,-105,1.3,16.3,255,664,580,835,795,932,40.0,31.9,0.0,964.7,265,1.6,29,0.23
2021-07-12T19:00:00Z,2021-07-12T18:00:00Z,PT60M,36.5,-126,3.4,16.0,339,589,560,899,871,925,39.3,29.6,0.0,964.3,286,1.8,18,0.23
2021-07-12T20:00:00Z,2021-07-12T19:00:00Z,PT60M,37.6,-177,3.0,15.7,348,598,586,934,910,936,38.4,27.6,0.0,963.6,307,2.0,12,0.23
2021-07-12T21:00:00Z,2021-07-12T20:00:00Z,PT60M,38.3,129,2.9,15.6,344,589,563,907,880,929,37.8,26.2,0.0,962.7,329,2.1,17,0.23
2021-07-12T22:00:00Z,2021-07-12T21:00:00Z,PT60M,39.0,106,2.2,15.5,307,593,522,829,791,913,37.7,25.2,0.0,961.7,338,2.1,28,0.23
2021-07-12T23:00:00Z,2021-07-12T22:00:00Z,PT60M,39.5,94,4.0,15.4,290,510,391,681,631,833,38.0,24.3,0.0,960.7,331,2.0,40,0.23
2021-07-13T00:00:00Z,2021-07-12T23:00:00Z,PT60M,39.6,86,14.8,15.3,322,207,128,449,410,560,38.2,24.0,0.0,960.0,303,2.1,53,0.23
2021-07-13T01:00:00Z,2021-07-13T00:00:00Z,PT60M,39.4,79,28.5,15.0,227,19,9,237,223,250,38.5,23.9,0.0,959.9,290,2.5,65,0.23
2021-07-13T02:00:00Z,2021-07-13T01:00:00Z,PT60M,39.0,72,62.1,14.6,58,0,0,58,55,58,39.0,23.8,0.0,960.5,296,2.3,78,0.23
2021-07-13T03:00:00Z,2021-07-13T02:00:00Z,PT60M,38.1,64,63.9,14.3,3,0,0,3,3,3,39.2,24.4,0.0,960.9,303,2.6,89,0.23
2021-07-13T04:00:00Z,2021-07-13T03:00:00Z,PT60M,37.1,55,29.5,14.3,0,0,0,0,0,0,40.5,25.7,0.0,961.5,306,2.7,100,0.23
2021-07-13T05:00:00Z,2021-07-13T04:00:00Z,PT60M,34.7,45,41.8,15.5,0,0,0,0,0,0,44.2,31.8,0.0,963.1,2,2.8,110,0.23
2021-07-13T06:00:00Z,2021-07-13T05:00:00Z,PT60M,33.2,32,60.7,17.0,0,0,0,0,0,0,44.8,38.1,0.0,963.7,31,2.3,117,0.23
2021-07-13T07:00:00Z,2021-07-13T06:00:00Z,PT60M,33.5,17,89.2,17.5,0,0,0,0,0,0,43.2,38.7,0.0,963.5,130,1.5,123,0.23
2021-07-13T08:00:00Z,2021-07-13T07:00:00Z,PT60M,32.9,1,97.0,17.7,0,0,0,0,0,0,44.7,40.4,0.0,963.7,151,3.8,125,0.23
2021-07-13T09:00:00Z,2021-07-13T08:00:00Z,PT60M,31.8,-16,96.6,18.3,0,0,0,0,0,0,45.3,44.9,0.0,963.6,165,6.1,123,0.23
2021-07-13T10:00:00Z,2021-07-13T09:00:00Z,PT60M,31.2,-31,88.1,18.8,0,0,0,0,0,0,44.2,47.5,0.0,963.4,176,4.8,118,0.23
2021-07-13T11:00:00Z,2021-07-13T10:00:00Z,PT60M,31.2,-44,62.1,18.7,0,0,0,0,0,0,43.5,47.5,0.0,963.8,182,1.3,110,0.23
2021-07-13T12:00:00Z,2021-07-13T11:00:00Z,PT60M,30.2,-54,43.4,19.0,0,0,0,0,0,0,43.6,51.2,0.0,964.3,84,1.7,101,0.23
2021-07-13T13:00:00Z,2021-07-13T12:00:00Z,PT60M,29.0,-63,25.5,19.2,5,0,0,5,5,5,43.9,55.4,0.0,964.9,87,2.4,90,0.23
2021-07-13T14:00:00Z,2021-07-13T13:00:00Z,PT60M,29.1,-71,6.9,19.1,81,19,5,87,79,100,44.3,55.0,0.0,965.5,88,1.7,79,0.23
2021-07-13T15:00:00Z,2021-07-13T14:00:00Z,PT60M,30.0,-78,1.8,18.9,175,202,83,258,216,411,44.8,51.5,0.0,965.9,80,1.4,67,0.23
2021-07-13T16:00:00Z,2021-07-13T15:00:00Z,PT60M,31.4,-85,5.0,18.7,271,305,181,452,403,618,45.5,46.8,0.0,965.9,34,1.2,54,0.23
2021-07-13T17:00:00Z,2021-07-13T16:00:00Z,PT60M,33.3,-94,10.2,18.3,381,292,220,601,562,701,46.0,41.2,0.0,965.8,12,1.4,42,0.23
2021-07-13T18:00:00Z,2021-07-13T17:00:00Z,PT60M,34.9,-105,5.8,17.6,380,447,390,770,735,842,45.7,35.9,0.0,965.7,21,1.2,29,0.23
2021-07-13T19:00:00Z,2021-07-13T18:00:00Z,PT60M,36.3,-126,9.0,17.0,459,389,369,827,800,847,45.0,31.9,0.0,965.3,43,0.8,18,0.23
2021-07-13T20:00:00Z,2021-07-13T19:00:00Z,PT60M,37.5,-177,16.9,16.5,571,219,215,786,758,787,44.1,29.1,0.0,964.7,87,0.6,12,0.23
2021-07-13T21:00:00Z,2021-07-13T20:00:00Z,PT60M,38.5,129,7.3,16.1,437,432,412,849,822,867,43.2,26.8,0.0,963.7,147,0.6,17,0.23
2021-07-13T22:00:00Z,2021-07-13T21:00:00Z,PT60M,39.3,106,5.8,15.8,412,406,357,769,735,831,42.3,25.2,0.0,962.6,186,1.1,28,0.23
2021-07-13T23:00:00Z,2021-07-13T22:00:00Z,PT60M,39.8,94,5.9,15.6,356,365,281,638,596,750,42.0,24.3,0.0,961.7,189,1.5,41,0.23
2021-07-14T00:00:00Z,2021-07-13T23:00:00Z,PT60M,40.0,86,20.1,15.3,343,88,56,398,372,445,42.7,23.6,0.0,961.3,173,1.0,53,0.23
2021-07-14T01:00:00Z,2021-07-14T00:00:00Z,PT60M,39.9,79,26.3,15.2,216,5,2,217,206,221,42.7,23.5,0.0,960.9,152,0.4,65,0.23
2021-07-14T02:00:00Z,2021-07-14T01:00:00Z,PT60M,39.5,72,48.9,15.3,64,0,0,64,61,64,42.6,24.2,0.0,960.8,268,1.2,78,0.23
2021-07-14T03:00:00Z,2021-07-14T02:00:00Z,PT60M,38.2,64,74.7,15.8,2,0,0,2,2,2,43.2,26.8,0.0,961.4,286,3.5,89,0.23
2021-07-14T04:00:00Z,2021-07-14T03:00:00Z,PT60M,36.3,55,63.9,16.7,0,0,0,0,0,0,44.0,31.4,0.0,962.3,289,5.6,100,0.23
2021-07-14T05:00:00Z,2021-07-14T04:00:00Z,PT60M,34.9,45,81.1,17.7,0,0,0,0,0,0,44.7,36.0,0.0,963.1,274,6.7,110,0.23
2021-07-14T06:00:00Z,2021-07-14T05:00:00Z,PT60M,34.3,32,78.5,18.0,0,0,0,0,0,0,44.2,38.1,0.0,963.4,266,6.9,118,0.23
2021-07-14T07:00:00Z,2021-07-14T06:00:00Z,PT60M,33.9,17,36.8,18.0,0,0,0,0,0,0,44.3,39.0,0.0,963.6,270,5.9,123,0.23
2021-07-14T08:00:00Z,2021-07-14T07:00:00Z,PT60M,33.4,1,19.0,18.1,0,0,0,0,0,0,45.6,40.3,0.0,963.7,278,4.6,125,0.23
2021-07-14T09:00:00Z,2021-07-14T08:00:00Z,PT60M,32.8,-16,15.7,18.2,0,0,0,0,0,0,46.7,42.0,0.0,963.7,288,3.1,123,0.23
2021-07-14T10:00:00Z,2021-07-14T09:00:00Z,PT60M,31.3,-31,18.5,18.6,0,0,0,0,0,0,48.0,47.0,0.0,964.0,271,1.2,118,0.23
2021-07-14T11:00:00Z,2021-07-14T10:00:00Z,PT60M,30.1,-44,20.1,19.1,0,0,0,0,0,0,49.0,51.7,0.0,964.3,275,1.4,111,0.23
2021-07-14T12:00:00Z,2021-07-14T11:00:00Z,PT60M,29.8,-54,28.7,19.1,0,0,0,0,0,0,49.0,52.9,0.0,964.6,291,3.4,101,0.23
2021-07-14T13:00:00Z,2021-07-14T12:00:00Z,PT60M,28.7,-63,41.5,19.3,4,0,0,4,4,4,49.4,56.8,0.0,965.7,289,3.4,90,0.23
2021-07-14T14:00:00Z,2021-07-14T13:00:00Z,PT60M,28.2,-71,63.9,19.5,35,0,0,35,34,35,50.3,59.2,0.0,967.0,279,1.6,79,0.23
2021-07-14T15:00:00Z,2021-07-14T14:00:00Z,PT60M,28.6,-78,74.2,19.3,66,0,0,66,63,66,50.1,57.1,0.0,967.7,257,0.9,67,0.23
2021-07-14T16:00:00Z,2021-07-14T15:00:00Z,PT60M,29.5,-85,87.6,19.0,58,0,0,58,55,58,48.7,53.5,0.0,967.4,174,1.9,54,0.23
2021-07-14T17:00:00Z,2021-07-14T16:00:00Z,PT60M,30.9,-94,90.1,18.6,65,0,0,65,62,65,47.5,48.1,0.0,966.9,171,3.6,42,0.23
2021-07-14T18:00:00Z,2021-07-14T17:00:00Z,PT60M,31.7,-105,76.5,18.4,192,0,0,192,182,192,47.5,45.3,0.0,967.1,183,1.3,29,0.23
2021-07-14T19:00:00Z,2021-07-14T18:00:00Z,PT60M,31.9,-126,51.1,18.5,437,0,0,437,414,437,47.7,45.1,0.0,967.2,346,1.0,18,0.23
2021-07-14T20:00:00Z,2021-07-14T19:00:00Z,PT60M,32.4,-177,23.7,18.5,657,50,49,706,674,706,47.3,43.8,0.0,966.9,344,1.0,12,0.23
2021-07-14T21:00:00Z,2021-07-14T20:00:00Z,PT60M,33.2,130,22.2,18.3,628,77,72,700,669,705,47.3,41.4,0.0,966.4,5,0.7,17,0.23
2021-07-14T22:00:00Z,2021-07-14T21:00:00Z,PT60M,34.3,106,12.4,17.9,469,291,254,723,691,771,47.4,37.9,0.0,965.4,55,0.7,28,0.23
2021-07-14T23:00:00Z,2021-07-14T22:00:00Z,PT60M,35.3,95,14.7,17.5,402,250,195,597,562,671,47.3,34.8,0.0,964.4,77,1.2,41,0.23
2021-07-15T00:00:00Z,2021-07-14T23:00:00Z,PT60M,35.6,86,14.5,17.2,327,184,109,436,398,540,46.7,33.8,0.0,963.8,77,2.1,53,0.23
2021-07-15T01:00:00Z,2021-07-15T00:00:00Z,PT60M,35.1,79,9.8,17.1,195,185,84,279,240,412,46.1,34.3,0.0,963.7,83,2.8,66,0.23
2021-07-15T02:00:00Z,2021-07-15T01:00:00Z,PT60M,34.2,72,23.9,17.0,92,0,0,92,88,92,45.8,36.1,0.0,963.8,88,2.5,78,0.23
2021-07-15T03:00:00Z,2021-07-15T02:00:00Z,PT60M,32.8,64,86.1,17.3,4,0,0,4,4,4,44.9,39.6,0.0,964.0,111,2.1,89,0.23
2021-07-15T04:00:00Z,2021-07-15T03:00:00Z,PT60M,32.1,55,57.5,17.6,0,0,0,0,0,0,44.0,42.1,0.0,964.2,151,2.3,100,0.23
2021-07-15T05:00:00Z,2021-07-15T04:00:00Z,PT60M,31.1,45,55.8,17.9,0,0,0,0,0,0,44.5,45.3,0.0,964.9,176,1.7,110,0.23
2021-07-15T06:00:00Z,2021-07-15T05:00:00Z,PT60M,30.1,32,64.4,18.4,0,0,0,0,0,0,46.2,49.5,0.0,965.6,179,1.2,118,0.23
2021-07-15T07:00:00Z,2021-07-15T06:00:00Z,PT60M,29.8,17,68.3,18.7,0,0,0,0,0,0,47.4,51.5,0.0,965.8,176,1.0,123,0.23
2021-07-15T08:00:00Z,2021-07-15T07:00:00Z,PT60M,28.9,1,76.9,19.1,0,0,0,0,0,0,48.8,55.4,0.0,965.8,99,0.8,125,0.23
2021-07-15T09:00:00Z,2021-07-15T08:00:00Z,PT60M,28.0,-16,57.7,19.5,0,0,0,0,0,0,50.6,59.9,0.0,965.9,94,1.9,123,0.23
2021-07-15T10:00:00Z,2021-07-15T09:00:00Z,PT60M,27.9,-31,29.2,19.6,0,0,0,0,0,0,51.7,60.6,0.0,966.0,105,1.2,118,0.23
2021-07-15T11:00:00Z,2021-07-15T10:00:00Z,PT60M,27.9,-44,38.9,19.6,0,0,0,0,0,0,50.9,60.5,0.0,965.9,113,1.0,111,0.23
2021-07-15T12:00:00Z,2021-07-15T11:00:00Z,PT60M,28.3,-54,51.8,19.8,0,0,0,0,0,0,50.0,60.0,0.0,965.8,118,1.5,101,0.23
2021-07-15T13:00:00Z,2021-07-15T12:00:00Z,PT60M,28.9,-63,27.8,20.1,6,0,0,6,6,6,50.0,59.1,0.0,966.2,119,1.0,91,0.23
2021-07-15T14:00:00Z,2021-07-15T13:00:00Z,PT60M,29.2,-71,38.0,20.0,72,0,0,72,69,72,48.9,57.6,0.0,966.5,135,0.9,79,0.23
2021-07-15T15:00:00Z,2021-07-15T14:00:00Z,PT60M,30.2,-78,27.5,19.6,213,22,9,222,208,241,46.5,53.0,0.0,966.6,165,1.7,67,0.23
2021-07-15T16:00:00Z,2021-07-15T15:00:00Z,PT60M,31.6,-86,19.6,19.1,295,200,123,418,381,523,44.1,47.4,0.0,966.3,182,2.9,54,0.23
2021-07-15T17:00:00Z,2021-07-15T16:00:00Z,PT60M,33.0,-94,9.1,18.4,314,431,321,636,590,779,43.3,41.9,0.0,966.1,196,2.7,42,0.23
2021-07-15T18:00:00Z,2021-07-15T17:00:00Z,PT60M,34.0,-105,5.6,17.7,314,554,482,795,760,882,44.5,38.1,0.0,966.1,205,2.3,29,0.23
2021-07-15T19:00:00Z,2021-07-15T18:00:00Z,PT60M,34.9,-127,22.5,17.4,546,193,181,728,699,740,45.6,35.6,0.0,965.8,215,2.4,18,0.23
2021-07-15T20:00:00Z,2021-07-15T19:00:00Z,PT60M,35.8,-177,35.4,17.2,618,11,10,628,597,628,46.0,33.4,0.0,965.2,242,2.2,12,0.23
2021-07-15T21:00:00Z,2021-07-15T20:00:00Z,PT60M,36.7,130,15.0,17.0,451,371,352,802,776,820,45.9,31.4,0.0,964.3,263,2.7,17,0.23
2021-07-15T22:00:00Z,2021-07-15T21:00:00Z,PT60M,37.6,107,2.7,16.6,247,676,593,840,804,933,44.9,29.0,0.0,963.2,272,3.6,28,0.23
2021-07-15T23:00:00Z,2021-07-15T22:00:00Z,PT60M,38.3,95,3.2,15.9,223,630,480,703,651,885,43.6,26.7,0.0,962.1,279,4.7,41,0.23
2021-07-16T00:00:00Z,2021-07-15T23:00:00Z,PT60M,38.3,86,26.6,15.8,321,128,82,403,375,463,43.8,26.6,0.0,961.3,283,5.2,53,0.23
2021-07-16T01:00:00Z,2021-07-16T00:00:00Z,PT60M,37.8,79,40.3,16.1,195,30,15,210,196,230,45.3,27.9,0.0,961.2,285,4.2,66,0.23
2021-07-16T02:00:00Z,2021-07-16T01:00:00Z,PT60M,36.8,72,70.5,16.5,53,1,0,53,51,54,47.3,30.1,0.0,961.3,299,2.8,78,0.23
2021-07-16T03:00:00Z,2021-07-16T02:00:00Z,PT60M,33.3,64,77.3,17.7,4,0,0,4,3,4,51.3,39.6,0.0,962.4,19,3.2,89,0.23
2021-07-16T04:00:00Z,2021-07-16T03:00:00Z,PT60M,29.3,55,73.0,19.5,0,0,0,0,0,0,54.4,55.4,0.0,963.9,71,4.4,100,0.23
2021-07-16T05:00:00Z,2021-07-16T04:00:00Z,PT60M,27.6,45,58.9,20.6,0,0,0,0,0,0,54.2,65.8,0.0,965.2,122,4.9,110,0.23
2021-07-16T06:00:00Z,2021-07-16T05:00:00Z,PT60M,27.5,32,34.2,20.3,0,0,0,0,0,0,52.3,65.1,0.0,965.6,154,5.2,118,0.23
2021-07-16T07:00:00Z,2021-07-16T06:00:00Z,PT60M,28.2,18,23.2,19.5,0,0,0,0,0,0,50.0,59.5,0.0,964.6,169,5.4,123,0.23
2021-07-16T08:00:00Z,2021-07-16T07:00:00Z,PT60M,28.7,1,28.5,19.2,0,0,0,0,0,0,48.9,56.3,0.0,963.7,176,4.6,125,0.23
2021-07-16T09:00:00Z,2021-07-16T08:00:00Z,PT60M,29.4,-16,35.1,19.1,0,0,0,0,0,0,48.9,53.9,0.0,963.0,186,3.5,124,0.23
2021-07-16T10:00:00Z,2021-07-16T09:00:00Z,PT60M,28.7,-31,56.4,19.4,0,0,0,0,0,0,49.4,57.2,0.0,963.0,154,2.6,119,0.23
2021-07-16T11:00:00Z,2021-07-16T10:00:00Z,PT60M,27.3,-44,61.5,19.9,0,0,0,0,0,0,49.7,64.0,0.0,963.4,123,3.5,111,0.23
2021-07-16T12:00:00Z,2021-07-16T11:00:00Z,PT60M,27.7,-54,59.9,20.1,0,0,0,0,0,0,49.1,63.4,0.0,963.5,131,2.9,101,0.23
2021-07-16T13:00:00Z,2021-07-16T12:00:00Z,PT60M,28.8,-63,57.8,20.1,4,0,0,4,4,4,48.2,59.4,0.0,963.6,166,1.9,91,0.23
2021-07-16T14:00:00Z,2021-07-16T13:00:00Z,PT60M,29.9,-71,39.8,19.7,64,0,0,64,61,64,47.5,54.4,0.0,963.9,200,1.5,79,0.23
2021-07-16T15:00:00Z,2021-07-16T14:00:00Z,PT60M,31.4,-78,71.7,18.6,82,0,0,82,78,82,46.9,46.7,0.0,964.2,231,1.5,67,0.23
2021-07-16T16:00:00Z,2021-07-16T15:00:00Z,PT60M,32.6,-86,65.5,17.6,174,0,0,174,166,174,46.4,41.0,0.0,964.6,227,2.1,54,0.23
2021-07-16T17:00:00Z,2021-07-16T16:00:00Z,PT60M,33.3,-94,69.3,17.0,206,0,0,206,195,206,45.6,37.9,0.0,964.8,218,3.0,42,0.23
2021-07-16T18:00:00Z,2021-07-16T17:00:00Z,PT60M,33.5,-105,74.6,17.4,209,0,0,209,199,209,46.3,38.6,0.0,965.0,208,2.9,30,0.23
2021-07-16T19:00:00Z,2021-07-16T18:00:00Z,PT60M,33.6,-127,47.1,18.2,487,0,0,487,462,487,47.9,40.1,0.0,965.2,189,2.8,18,0.23
2021-07-16T20:00:00Z,2021-07-16T19:00:00Z,PT60M,34.2,-177,43.3,18.3,530,15,14,545,518,545,48.3,39.0,0.0,964.8,190,3.0,12,0.23
2021-07-16T21:00:00Z,2021-07-16T20:00:00Z,PT60M,34.8,130,11.0,18.3,420,435,412,832,807,852,48.3,37.7,0.0,963.8,193,3.2,17,0.23
2021-07-16T22:00:00Z,2021-07-16T21:00:00Z,PT60M,35.7,107,2.0,18.0,280,623,547,827,793,914,47.6,35.3,0.0,962.5,195,3.7,28,0.23
2021-07-16T23:00:00Z,2021-07-16T22:00:00Z,PT60M,36.7,95,2.0,17.5,247,587,446,692,643,867,46.4,32.3,0.0,961.3,193,3.7,41,0.23
2021-07-17T00:00:00Z,2021-07-16T23:00:00Z,PT60M,37.0,87,18.8,17.2,298,210,136,434,399,531,46.0,31.2,0.0,960.8,175,3.6,53,0.23
2021-07-17T01:00:00Z,2021-07-17T00:00:00Z,PT60M,36.3,79,47.2,17.4,174,0,0,174,166,174,46.8,32.8,0.0,961.2,150,4.9,66,0.23
2021-07-17T02:00:00Z,2021-07-17T01:00:00Z,PT60M,34.7,72,78.4,17.9,30,0,0,30,28,30,47.2,37.1,0.0,961.8,137,6.5,78,0.23
2021-07-17T03:00:00Z,2021-07-17T02:00:00Z,PT60M,32.8,64,77.0,18.3,2,0,0,2,2,2,47.7,42.3,0.0,962.5,127,6.8,89,0.23
2021-07-17T04:00:00Z,2021-07-17T03:00:00Z,PT60M,32.0,56,82.2,18.6,0,0,0,0,0,0,48.0,45.0,0.0,963.1,118,5.2,100,0.23
2021-07-17T05:00:00Z,2021-07-17T04:00:00Z,PT60M,31.5,45,87.5,18.9,0,0,0,0,0,0,48.9,47.3,0.0,963.7,88,3.4,110,0.23
2021-07-17T06:00:00Z,2021-07-17T05:00:00Z,PT60M,31.0,33,95.2,19.3,0,0,0,0,0,0,50.3,49.6,0.0,964.0,72,3.5,118,0.23
2021-07-17T07:00:00Z,2021-07-17T06:00:00Z,PT60M,30.3,18,87.6,19.6,0,0,0,0,0,0,51.2,52.8,0.0,963.9,91,3.8,123,0.23
2021-07-17T08:00:00Z,2021-07-17T07:00:00Z,PT60M,29.7,1,76.9,19.8,0,0,0,0,0,0,51.6,55.4,0.0,963.9,108,3.8,125,0.23
2021-07-17T09:00:00Z,2021-07-17T08:00:00Z,PT60M,29.8,-16,66.2,19.6,0,0,0,0,0,0,51.5,54.2,0.0,963.7,129,3.2,124,0.22
2021-07-17T10:00:00Z,2021-07-17T09:00:00Z,PT60M,29.7,-31,81.6,19.4,0,0,0,0,0,0,51.4,53.8,0.0,963.8,136,3.1,119,0.22
2021-07-17T11:00:00Z,2021-07-17T10:00:00Z,PT60M,29.1,-44,65.3,19.4,0,0,0,0,0,0,51.3,55.8,0.0,963.8,129,2.9,111,0.22
2021-07-17T12:00:00Z,2021-07-17T11:00:00Z,PT60M,28.1,-55,51.1,19.4,0,0,0,0,0,0,51.2,59.4,0.0,963.9,111,2.3,102,0.22
2021-07-17T13:00:00Z,2021-07-17T12:00:00Z,PT60M,27.4,-64,36.1,19.3,4,0,0,4,4,4,51.0,61.6,0.0,964.3,69,1.0,91,0.22
2021-07-17T14:00:00Z,2021-07-17T13:00:00Z,PT60M,27.5,-71,34.7,19.2,63,0,0,63,60,63,50.9,60.6,0.0,964.9,75,0.3,79,0.22
2021-07-17T15:00:00Z,2021-07-17T14:00:00Z,PT60M,27.7,-79,45.6,19.2,159,0,0,159,151,159,51.1,59.8,0.0,965.6,131,1.6,67,0.22
2021-07-17T16:00:00Z,2021-07-17T15:00:00Z,PT60M,28.6,-86,31.3,19.2,318,38,25,342,323,361,51.1,56.9,0.0,966.0,152,2.3,55,0.22
2021-07-17T17:00:00Z,2021-07-17T16:00:00Z,PT60M,29.9,-94,15.1,19.1,387,261,192,579,542,673,50.8,52.3,0.0,966.2,189,2.0,42,0.22
2021-07-17T18:00:00Z,2021-07-17T17:00:00Z,PT60M,31.2,-106,33.8,19.2,532,24,21,554,527,558,50.8,49.0,0.0,966.3,234,1.6,30,0.22
2021-07-17T19:00:00Z,2021-07-17T18:00:00Z,PT60M,32.5,-127,17.2,19.2,464,331,316,780,756,792,50.9,45.4,0.0,966.2,269,1.7,18,0.22
2021-07-17T20:00:00Z,2021-07-17T19:00:00Z,PT60M,33.8,-177,4.6,18.9,283,665,649,932,914,934,50.7,41.5,0.0,965.7,283,2.0,12,0.22
2021-07-17T21:00:00Z,2021-07-17T20:00:00Z,PT60M,34.9,131,0.0,18.5,189,800,763,952,930,978,50.2,38.0,0.0,964.9,299,2.0,17,0.22
2021-07-17T22:00:00Z,2021-07-17T21:00:00Z,PT60M,35.6,107,0.0,18.0,179,782,687,865,831,966,49.5,35.5,0.0,964.1,310,1.7,28,0.22
2021-07-17T23:00:00Z,2021-07-17T22:00:00Z,PT60M,36.2,95,0.1,17.7,165,740,561,726,672,933,48.6,33.7,0.0,963.4,314,2.1,41,0.22
2021-07-18T00:00:00Z,2021-07-17T23:00:00Z,PT60M,36.6,87,1.5,17.2,157,637,381,538,465,843,47.3,32.0,0.0,962.8,321,2.4,53,0.22
2021-07-18T01:00:00Z,2021-07-18T00:00:00Z,PT60M,36.7,80,4.7,16.8,128,471,203,331,255,651,46.2,30.9,0.0,962.7,327,2.3,66,0.22
2021-07-18T02:00:00Z,2021-07-18T01:00:00Z,PT60M,36.5,72,35.6,16.8,95,15,4,99,91,110,45.2,31.2,0.0,962.9,310,2.1,78,0.22
2021-07-18T03:00:00Z,2021-07-18T02:00:00Z,PT60M,35.7,65,39.1,17.0,8,0,0,8,8,8,43.6,33.2,0.0,963.1,278,2.5,90,0.22
2021-07-18T04:00:00Z,2021-07-18T03:00:00Z,PT60M,34.4,56,27.2,17.1,0,0,0,0,0,0,42.6,35.9,0.0,963.4,254,3.4,100,0.22
2021-07-18T05:00:00Z,2021-07-18T04:00:00Z,PT60M,33.7,45,27.2,17.2,0,0,0,0,0,0,42.6,37.4,0.0,963.9,245,3.4,110,0.22
2021-07-18T06:00:00Z,2021-07-18T05:00:00Z,PT60M,33.5,33,33.2,17.2,0,0,0,0,0,0,43.2,38.0,0.0,964.4,255,3.0,118,0.22
2021-07-18T07:00:00Z,2021-07-18T06:00:00Z,PT60M,32.9,18,35.9,17.4,0,0,0,0,0,0,43.9,39.9,0.0,964.9,262,2.3,123,0.22
2021-07-18T08:00:00Z,2021-07-18T07:00:00Z,PT60M,32.4,1,32.2,17.6,0,0,0,0,0,0,44.5,41.3,0.0,965.2,260,1.8,125,0.22
2021-07-18T09:00:00Z,2021-07-18T08:00:00Z,PT60M,32.3,-16,45.7,17.5,0,0,0,0,0,0,44.6,41.4,0.0,965.0,271,2.2,124,0.23
2021-07-18T10:00:00Z,2021-07-18T09:00:00Z,PT60M,31.6,-31,46.2,17.4,0,0,0,0,0,0,44.6,42.8,0.0,964.9,280,2.8,119,0.23
2021-07-18T11:00:00Z,2021-07-18T10:00:00Z,PT60M,30.4,-44,30.8,17.6,0,0,0,0,0,0,44.4,46.2,0.0,965.0,281,2.9,111,0.23
2021-07-18T12:00:00Z,2021-07-18T11:00:00Z,PT60M,29.6,-55,28.9,17.8,0,0,0,0,0,0,44.4,49.2,0.0,965.4,275,2.8,102,0.23
2021-07-18T13:00:00Z,2021-07-18T12:00:00Z,PT60M,29.3,-64,28.1,18.0,6,3,0,6,5,5,45.1,50.6,0.0,966.2,267,2.5,91,0.23
2021-07-18T14:00:00Z,2021-07-18T13:00:00Z,PT60M,29.6,-72,12.6,18.0,84,57,12,95,80,120,46.0,50.0,0.0,967.0,242,1.7,79,0.23
2021-07-18T15:00:00Z,2021-07-18T14:00:00Z,PT60M,30.4,-79,20.2,18.0,201,70,24,225,202,284,47.1,47.5,0.0,967.6,205,1.9,67,0.23
2021-07-18T16:00:00Z,2021-07-18T15:00:00Z,PT60M,31.5,-86,42.2,17.9,279,0,0,279,265,279,48.1,44.2,0.0,967.8,194,2.0,55,0.23
2021-07-18T17:00:00Z,2021-07-18T16:00:00Z,PT60M,32.6,-94,81.7,17.5,119,0,0,119,113,119,48.9,40.8,0.0,967.7,200,1.3,42,0.23
2021-07-18T18:00:00Z,2021-07-18T17:00:00Z,PT60M,33.3,-106,77.9,17.5,188,0,0,188,178,188,49.6,39.0,0.0,967.8,209,1.1,30,0.23
2021-07-18T19:00:00Z,2021-07-18T18:00:00Z,PT60M,34.0,-127,72.0,17.6,262,0,0,262,249,262,50.0,37.8,0.0,967.8,203,0.9,19,0.23
2021-07-18T20:00:00Z,2021-07-18T19:00:00Z,PT60M,34.5,-176,67.3,17.5,317,3,3,319,303,319,50.4,36.6,0.0,967.6,170,0.6,13,0.23
2021-07-18T21:00:00Z,2021-07-18T20:00:00Z,PT60M,34.5,131,17.5,17.5,463,336,320,783,760,796,50.1,36.4,0.0,967.1,157,0.8,17,0.23
2021-07-18T22:00:00Z,2021-07-18T21:00:00Z,PT60M,34.9,108,8.5,17.3,313,548,476,789,757,871,49.0,35.1,0.0,966.3,192,0.7,28,0.23
2021-07-18T23:00:00Z,2021-07-18T22:00:00Z,PT60M,35.8,96,0.7,16.8,172,726,550,722,670,926,47.5,32.6,0.0,965.3,257,1.1,41,0.23
2021-07-19T00:00:00Z,2021-07-18T23:00:00Z,PT60M,36.0,87,0.0,16.8,137,684,409,547,472,868,46.9,32.1,0.0,965.1,289,1.4,53,0.23
2021-07-19T01:00:00Z,2021-07-19T00:00:00Z,PT60M,35.7,80,2.1,16.9,119,523,216,336,252,697,46.5,32.8,0.0,964.9,295,1.3,66,0.23
2021-07-19T02:00:00Z,2021-07-19T01:00:00Z,PT60M,35.4,72,28.9,16.8,71,150,42,113,82,216,46.0,33.2,0.0,965.0,292,0.8,78,0.23
2021-07-19T03:00:00Z,2021-07-19T02:00:00Z,PT60M,34.8,65,32.3,17.2,10,0,0,10,10,10,45.7,35.3,0.0,965.5,169,0.3,90,0.23
2021-07-19T04:00:00Z,2021-07-19T03:00:00Z,PT60M,34.1,56,84.6,17.7,0,0,0,0,0,0,44.6,37.9,0.0,965.4,184,0.8,101,0.23
2021-07-19T05:00:00Z,2021-07-19T04:00:00Z,PT60M,33.7,45,90.0,17.8,0,0,0,0,0,0,44.5,38.9,0.0,966.0,159,1.3,110,0.23
2021-07-19T06:00:00Z,2021-07-19T05:00:00Z,PT60M,32.9,33,96.0,18.4,0,0,0,0,0,0,46.2,42.2,0.0,967.0,154,2.4,118,0.23
2021-07-19T07:00:00Z,2021-07-19T06:00:00Z,PT60M,32.3,18,96.7,19.3,0,0,0,0,0,0,48.3,46.3,0.0,967.3,148,2.7,124,0.23
2021-07-19T08:00:00Z,2021-07-19T07:00:00Z,PT60M,31.8,1,95.9,19.6,0,0,0,0,0,0,50.0,48.5,0.0,967.6,122,2.8,126,0.23
2021-07-19T09:00:00Z,2021-07-19T08:00:00Z,PT60M,30.9,-16,89.4,19.8,0,0,0,0,0,0,51.8,51.9,0.0,967.9,96,3.4,124,0.23
2021-07-19T10:00:00Z,2021-07-19T09:00:00Z,PT60M,29.3,-31,93.0,19.6,0,0,0,0,0,0,52.6,55.7,0.0,968.0,84,4.2,119,0.23
2021-07-19T11:00:00Z,2021-07-19T10:00:00Z,PT60M,27.9,-44,96.2,19.2,0,0,0,0,0,0,52.6,59.3,0.0,967.9,86,4.4,111,0.23
2021-07-19T12:00:00Z,2021-07-19T11:00:00Z,PT60M,28.1,-55,64.8,18.8,0,0,0,0,0,0,52.0,57.2,0.0,967.5,95,3.8,102,0.23
2021-07-19T13:00:00Z,2021-07-19T12:00:00Z,PT60M,28.4,-64,56.4,18.8,4,0,0,4,4,4,51.6,56.2,0.0,967.5,104,2.9,91,0.23
2021-07-19T14:00:00Z,2021-07-19T13:00:00Z,PT60M,28.4,-72,15.6,18.9,84,59,11,95,79,114,51.5,56.4,0.0,967.9,108,2.3,79,0.23
2021-07-19T15:00:00Z,2021-07-19T14:00:00Z,PT60M,29.7,-79,38.4,18.5,179,8,2,181,171,188,50.6,51.2,0.0,968.0,99,2.0,67,0.23
2021-07-19T16:00:00Z,2021-07-19T15:00:00Z,PT60M,31.2,-86,50.0,18.4,249,0,0,249,236,249,49.9,46.4,0.0,968.0,93,1.8,55,0.23
2021-07-19T17:00:00Z,2021-07-19T16:00:00Z,PT60M,32.6,-95,50.7,18.3,345,0,0,345,327,345,50.0,42.5,0.0,968.1,120,1.3,42,0.23
2021-07-19T18:00:00Z,2021-07-19T17:00:00Z,PT60M,34.0,-106,17.8,18.2,419,314,274,692,664,741,50.5,39.3,0.0,968.1,153,1.3,30,0.23
2021-07-19T19:00:00Z,2021-07-19T18:00:00Z,PT60M,35.1,-128,18.0,18.2,447,345,330,777,755,788,50.5,36.8,0.0,967.7,183,0.8,19,0.23
2021-07-19T20:00:00Z,2021-07-19T19:00:00Z,PT60M,36.1,-176,0.5,17.9,186,811,791,977,963,980,50.3,34.4,0.0,967.1,278,0.6,13,0.23
2021-07-19T21:00:00Z,2021-07-19T20:00:00Z,PT60M,37.0,132,0.1,17.7,172,822,783,955,937,982,50.0,32.3,0.0,966.2,318,1.2,18,0.23
2021-07-19T22:00:00Z,2021-07-19T21:00:00Z,PT60M,37.6,108,3.5,17.5,231,689,606,837,807,928,49.4,30.8,0.0,965.3,321,1.6,29,0.23
2021-07-19T23:00:00Z,2021-07-19T22:00:00Z,PT60M,37.9,96,3.3,17.2,206,659,496,702,653,895,48.6,29.8,0.0,964.5,298,2.1,41,0.23
2021-07-20T00:00:00Z,2021-07-19T23:00:00Z,PT60M,37.8,87,0.9,17.2,144,664,398,542,470,855,47.6,29.9,0.0,963.8,284,4.1,53,0.23
2021-07-20T01:00:00Z,2021-07-20T00:00:00Z,PT60M,37.2,80,10.2,17.4,154,359,158,312,253,560,46.6,31.3,0.0,963.5,276,5.8,66,0.23
2021-07-20T02:00:00Z,2021-07-20T01:00:00Z,PT60M,36.3,73,46.7,17.4,82,2,0,83,78,84,45.2,32.9,0.0,963.6,281,5.9,78,0.23
2021-07-20T03:00:00Z,2021-07-20T02:00:00Z,PT60M,35.5,65,84.0,17.4,3,0,0,3,3,3,44.4,34.3,0.0,963.9,293,5.0,90,0.23
2021-07-20T04:00:00Z,2021-07-20T03:00:00Z,PT60M,34.9,56,54.9,17.4,0,0,0,0,0,0,45.3,35.6,0.0,964.5,293,3.7,101,0.23
2021-07-20T05:00:00Z,2021-07-20T04:00:00Z,PT60M,34.4,46,46.6,17.5,0,0,0,0,0,0,46.8,36.6,0.0,964.9,293,3.4,110,0.23
2021-07-20T06:00:00Z,2021-07-20T05:00:00Z,PT60M,33.2,33,57.6,17.9,0,0,0,0,0,0,48.3,40.3,0.0,965.3,285,3.3,118,0.23
2021-07-20T07:00:00Z,2021-07-20T06:00:00Z,PT60M,31.6,18,57.1,18.6,0,0,0,0,0,0,49.8,46.3,0.0,965.7,231,3.1,124,0.23
2021-07-20T08:00:00Z,2021-07-20T07:00:00Z,PT60M,30.4,1,54.6,19.4,0,0,0,0,0,0,50.2,51.8,0.0,965.8,200,5.5,126,0.23
2021-07-20T09:00:00Z,2021-07-20T08:00:00Z,PT60M,29.6,-16,52.6,19.7,0,0,0,0,0,0,49.8,55.2,0.0,965.8,203,6.3,124,0.23
2021-07-20T10:00:00Z,2021-07-20T09:00:00Z,PT60M,28.9,-31,56.5,19.7,0,0,0,0,0,0,49.0,57.6,0.0,965.7,211,4.7,119,0.23
2021-07-20T11:00:00Z,2021-07-20T10:00:00Z,PT60M,28.0,-44,55.9,20.0,0,0,0,0,0,0,50.3,61.9,0.0,966.6,157,4.0,111,0.23
2021-07-20T12:00:00Z,2021-07-20T11:00:00Z,PT60M,28.0,-55,49.9,20.2,0,0,0,0,0,0,52.0,62.9,0.0,967.2,147,7.0,102,0.23
2021-07-20T13:00:00Z,2021-07-20T12:00:00Z,PT60M,28.0,-64,28.0,20.4,6,2,0,6,6,6,51.7,63.4,0.0,966.8,173,6.2,91,0.23
2021-07-20T14:00:00Z,2021-07-20T13:00:00Z,PT60M,27.9,-72,19.1,20.4,83,57,14,97,82,134,52.2,63.8,0.0,966.8,201,3.8,79,0.23
2021-07-20T15:00:00Z,2021-07-20T14:00:00Z,PT60M,28.7,-79,15.7,20.2,183,213,82,264,220,432,53.3,59.9,0.0,967.0,212,1.6,67,0.23
2021-07-20T16:00:00Z,2021-07-20T15:00:00Z,PT60M,30.1,-86,7.3,20.0,200,485,283,483,423,736,53.9,54.7,0.0,967.2,130,1.1,55,0.23
2021-07-20T17:00:00Z,2021-07-20T16:00:00Z,PT60M,31.5,-95,5.0,19.9,225,598,442,667,620,858,54.1,50.2,0.0,967.2,115,1.6,42,0.23
2021-07-20T18:00:00Z,2021-07-20T17:00:00Z,PT60M,32.7,-107,2.2,19.9,211,714,617,828,797,935,53.4,46.7,0.0,967.0,117,1.8,30,0.23
2021-07-20T19:00:00Z,2021-07-20T18:00:00Z,PT60M,34.1,-128,3.4,19.9,256,690,652,908,889,938,51.7,43.4,0.0,966.4,112,1.9,19,0.23
2021-07-20T20:00:00Z,2021-07-20T19:00:00Z,PT60M,35.3,-176,20.5,19.9,514,267,260,774,752,776,50.1,40.4,0.0,965.5,105,1.5,13,0.23
2021-07-20T21:00:00Z,2021-07-20T20:00:00Z,PT60M,36.3,132,33.6,19.7,609,21,21,630,599,630,48.3,37.9,0.0,964.5,120,1.2,18,0.23
2021-07-20T22:00:00Z,2021-07-20T21:00:00Z,PT60M,36.9,108,45.0,19.3,473,0,0,473,449,473,46.2,35.9,0.0,963.3,158,1.3,29,0.23
2021-07-20T23:00:00Z,2021-07-20T22:00:00Z,PT60M,37.4,96,50.7,18.8,358,0,0,358,340,358,44.2,33.8,0.0,962.3,186,1.8,41,0.23
2021-07-21T00:00:00Z,2021-07-20T23:00:00Z,PT60M,38.0,87,58.0,17.8,230,0,0,230,219,230,43.0,30.7,0.0,961.4,222,2.3,53,0.23
2021-07-21T01:00:00Z,2021-07-21T00:00:00Z,PT60M,38.2,80,73.8,17.1,94,0,0,94,90,94,42.5,29.1,0.0,960.9,240,2.7,66,0.23
2021-07-21T02:00:00Z,2021-07-21T01:00:00Z,PT60M,37.6,73,81.3,17.6,18,0,0,18,17,18,42.1,31.1,0.0,960.7,255,2.4,78,0.23
2021-07-21T03:00:00Z,2021-07-21T02:00:00Z,PT60M,36.3,65,57.4,18.4,6,0,0,6,6,6,42.5,35.2,0.0,960.8,282,3.4,90,0.23
2021-07-21T04:00:00Z,2021-07-21T03:00:00Z,PT60M,34.9,56,55.7,18.9,0,0,0,0,0,0,43.5,39.0,0.0,961.2,285,4.0,101,0.23
2021-07-21T05:00:00Z,2021-07-21T04:00:00Z,PT60M,33.1,46,48.2,19.2,0,0,0,0,0,0,46.3,43.8,0.0,962.4,11,2.0,110,0.23
2021-07-21T06:00:00Z,2021-07-21T05:00:00Z,PT60M,30.9,33,95.5,17.9,0,0,0,0,0,0,46.8,46.1,0.0,963.3,59,3.6,118,0.23
2021-07-21T07:00:00Z,2021-07-21T06:00:00Z,PT60M,30.2,18,69.7,16.9,0,0,0,0,0,0,45.2,44.7,0.0,963.0,169,0.5,124,0.23
2021-07-21T08:00:00Z,2021-07-21T07:00:00Z,PT60M,30.8,1,80.3,17.5,0,0,0,0,0,0,46.8,45.0,0.0,962.6,236,1.6,126,0.23
2021-07-21T09:00:00Z,2021-07-21T08:00:00Z,PT60M,30.9,-16,80.1,18.4,0,0,0,0,0,0,49.5,47.3,0.0,962.3,148,0.2,124,0.23
2021-07-21T10:00:00Z,2021-07-21T09:00:00Z,PT60M,30.7,-31,96.6,18.7,0,0,0,0,0,0,50.3,48.8,0.0,962.1,150,0.6,119,0.23
2021-07-21T11:00:00Z,2021-07-21T10:00:00Z,PT60M,30.7,-44,95.5,18.6,0,0,0,0,0,0,49.3,48.4,0.0,961.9,197,1.3,112,0.23
2021-07-21T12:00:00Z,2021-07-21T11:00:00Z,PT60M,30.7,-55,57.9,18.8,0,0,0,0,0,0,49.0,49.3,0.0,962.0,178,1.3,102,0.23
2021-07-21T13:00:00Z,2021-07-21T12:00:00Z,PT60M,30.6,-64,22.3,18.9,6,1,0,6,5,6,49.0,49.7,0.0,962.3,164,1.4,91,0.23
2021-07-21T14:00:00Z,2021-07-21T13:00:00Z,PT60M,31.1,-72,6.8,18.5,75,107,22,98,74,146,48.8,47.3,0.0,962.7,168,1.2,80,0.23
2021-07-21T15:00:00Z,2021-07-21T14:00:00Z,PT60M,32.2,-79,11.4,17.9,182,198,78,259,219,414,48.6,42.6,0.0,963.0,147,0.7,67,0.23
2021-07-21T16:00:00Z,2021-07-21T15:00:00Z,PT60M,33.5,-87,24.0,17.7,315,111,66,381,354,443,48.4,39.0,0.0,963.2,94,0.8,55,0.23
2021-07-21T17:00:00Z,2021-07-21T16:00:00Z,PT60M,34.5,-95,26.7,18.0,435,90,62,497,468,534,48.0,37.7,0.0,963.5,93,0.9,42,0.23
2021-07-21T18:00:00Z,2021-07-21T17:00:00Z,PT60M,35.4,-107,37.6,18.3,515,0,0,515,489,515,48.3,36.6,0.0,963.7,121,0.8,30,0.23
2021-07-21T19:00:00Z,2021-07-21T18:00:00Z,PT60M,36.5,-128,34.7,18.6,577,30,28,605,576,607,49.3,35.1,0.0,963.4,139,0.5,19,0.23
2021-07-21T20:00:00Z,2021-07-21T19:00:00Z,PT60M,37.5,-176,49.2,18.7,487,0,0,487,462,487,50.2,33.4,0.0,962.9,191,0.2,13,0.23
2021-07-21T21:00:00Z,2021-07-21T20:00:00Z,PT60M,38.4,133,7.2,18.6,367,518,491,858,839,880,50.4,31.6,0.0,962.0,304,0.6,18,0.23
2021-07-21T22:00:00Z,2021-07-21T21:00:00Z,PT60M,39.1,109,9.5,18.2,414,384,337,751,724,808,49.0,29.7,0.0,960.5,321,1.4,29,0.23
2021-07-21T23:00:00Z,2021-07-21T22:00:00Z,PT60M,35.7,96,2.9,18.9,294,489,370,664,623,816,50.6,37.5,0.0,960.6,128,5.9,41,0.23
2021-07-22T00:00:00Z,2021-07-21T23:00:00Z,PT60M,31.3,88,13.0,19.5,307,217,135,443,408,555,49.1,49.5,0.0,960.8,143,10.6,53,0.23
2021-07-22T01:00:00Z,2021-07-22T00:00:00Z,PT60M,30.3,80,33.8,19.7,205,9,4,209,198,215,43.6,53.1,0.0,960.4,203,8.7,66,0.23
2021-07-22T02:00:00Z,2021-07-22T01:00:00Z,PT60M,29.7,73,62.0,19.3,57,0,0,57,54,57,41.6,53.6,0.0,961.3,239,11.8,78,0.23
2021-07-22T03:00:00Z,2021-07-22T02:00:00Z,PT60M,29.6,65,83.2,18.3,3,0,0,3,3,3,40.7,50.5,0.0,961.7,256,7.7,90,0.23
2021-07-22T04:00:00Z,2021-07-22T03:00:00Z,PT60M,30.0,56,97.0,18.8,0,0,0,0,0,0,43.6,51.2,0.0,962.9,331,2.9,101,0.23
2021-07-22T05:00:00Z,2021-07-22T04:00:00Z,PT60M,29.7,46,97.0,19.5,0,0,0,0,0,0,47.0,54.3,0.0,964.5,13,6.7,111,0.23
2021-07-22T06:00:00Z,2021-07-22T05:00:00Z,PT60M,30.5,33,96.8,19.6,0,0,0,0,0,0,46.1,52.2,0.0,964.3,7,7.6,119,0.23
2021-07-22T07:00:00Z,2021-07-22T06:00:00Z,PT60M,31.2,18,94.0,19.6,0,0,0,0,0,0,44.3,50.2,0.0,963.9,5,3.7,124,0.23
2021-07-22T08:00:00Z,2021-07-22T07:00:00Z,PT60M,31.0,1,94.9,19.8,0,0,0,0,0,0,42.4,51.5,0.0,963.8,322,0.8,126,0.23
2021-07-22T09:00:00Z,2021-07-22T08:00:00Z,PT60M,31.0,-16,83.3,19.9,0,0,0,0,0,0,41.0,51.7,0.0,963.5,266,1.4,125,0.23
2021-07-22T10:00:00Z,2021-07-22T09:00:00Z,PT60M,30.8,-31,29.3,20.1,0,0,0,0,0,0,40.6,52.8,0.0,963.3,259,1.0,119,0.23
2021-07-22T11:00:00Z,2021-07-22T10:00:00Z,PT60M,30.5,-44,24.9,20.1,0,0,0,0,0,0,39.5,53.9,0.0,963.3,28,0.5,112,0.23
2021-07-22T12:00:00Z,2021-07-22T11:00:00Z,PT60M,29.5,-55,24.7,20.1,0,0,0,0,0,0,37.5,56.9,0.0,963.8,75,0.8,102,0.23
2021-07-22T13:00:00Z,2021-07-22T12:00:00Z,PT60M,28.5,-64,21.3,20.0,5,3,0,5,4,4,36.4,60.1,0.0,964.5,135,0.8,91,0.23
2021-07-22T14:00:00Z,2021-07-22T13:00:00Z,PT60M,28.8,-72,1.0,19.6,66,187,37,103,65,180,37.2,57.7,0.0,965.2,174,1.1,80,0.23
2021-07-22T15:00:00Z,2021-07-22T14:00:00Z,PT60M,29.7,-79,4.8,19.0,153,323,126,280,222,525,38.2,52.7,0.0,965.9,174,1.2,68,0.23
2021-07-22T16:00:00Z,2021-07-22T15:00:00Z,PT60M,31.1,-87,4.3,18.5,218,456,262,480,422,729,38.9,47.2,0.0,966.2,166,0.6,55,0.23
2021-07-22T17:00:00Z,2021-07-22T16:00:00Z,PT60M,32.8,-95,7.3,18.1,305,452,333,638,597,793,39.6,41.7,0.0,966.2,285,0.1,43,0.23
2021-07-22T18:00:00Z,2021-07-22T17:00:00Z,PT60M,34.5,-107,8.4,17.7,373,451,389,762,734,837,40.5,37.1,0.0,966.3,292,0.5,30,0.23
2021-07-22T19:00:00Z,2021-07-22T18:00:00Z,PT60M,36.0,-129,5.5,17.5,396,492,464,861,842,884,40.8,33.6,0.0,966.2,275,1.4,19,0.23
2021-07-22T20:00:00Z,2021-07-22T19:00:00Z,PT60M,37.2,-176,2.1,17.3,368,566,551,919,906,921,40.6,31.1,0.0,965.8,276,2.5,13,0.23
2021-07-22T21:00:00Z,2021-07-22T20:00:00Z,PT60M,38.2,133,5.3,17.0,429,448,427,856,837,872,40.8,29.1,0.0,965.2,272,3.6,18,0.23
2021-07-22T22:00:00Z,2021-07-22T21:00:00Z,PT60M,38.5,109,3.7,16.7,427,375,328,755,729,812,40.6,28.0,0.0,964.3,264,5.0,29,0.23
2021-07-22T23:00:00Z,2021-07-22T22:00:00Z,PT60M,38.4,97,14.4,16.5,446,134,106,553,526,591,39.5,27.6,0.0,963.2,260,5.7,41,0.23
2021-07-23T00:00:00Z,2021-07-22T23:00:00Z,PT60M,38.6,88,31.5,16.5,321,0,0,321,305,321,39.9,27.5,0.0,962.9,268,4.7,54,0.23
2021-07-23T01:00:00Z,2021-07-23T00:00:00Z,PT60M,38.4,80,63.4,16.6,105,0,0,105,99,105,39.9,27.8,0.0,962.5,285,4.0,66,0.23
2021-07-23T02:00:00Z,2021-07-23T01:00:00Z,PT60M,38.0,73,69.5,17.0,33,0,0,33,31,33,41.5,29.3,0.0,962.8,283,2.9,78,0.23
2021-07-23T03:00:00Z,2021-07-23T02:00:00Z,PT60M,35.1,65,54.5,17.9,3,0,0,3,3,3,44.8,36.2,0.0,964.1,197,4.5,90,0.23
2021-07-23T04:00:00Z,2021-07-23T03:00:00Z,PT60M,30.0,57,89.6,18.8,0,0,0,0,0,0,46.7,51.0,0.0,965.4,204,9.6,101,0.23
2021-07-23T05:00:00Z,2021-07-23T04:00:00Z,PT60M,28.0,46,95.9,17.3,0,0,0,0,0,0,47.2,52.3,0.0,966.4,213,9.4,111,0.23
2021-07-23T06:00:00Z,2021-07-23T05:00:00Z,PT60M,28.0,33,93.5,17.6,0,0,0,0,0,0,48.8,53.2,0.0,966.8,178,4.6,119,0.23
2021-07-23T07:00:00Z,2021-07-23T06:00:00Z,PT60M,27.5,18,94.5,19.6,0,0,0,0,0,0,50.4,61.9,0.0,967.8,110,4.1,124,0.23
2021-07-23T08:00:00Z,2021-07-23T07:00:00Z,PT60M,27.2,1,96.6,19.7,0,0,0,0,0,0,49.6,63.8,0.0,968.3,106,4.2,126,0.23
2021-07-23T09:00:00Z,2021-07-23T08:00:00Z,PT60M,27.0,-16,96.2,19.8,0,0,0,0,0,0,50.1,64.9,0.0,968.5,103,4.1,125,0.22
2021-07-23T10:00:00Z,2021-07-23T09:00:00Z,PT60M,26.3,-32,93.7,20.1,0,0,0,0,0,0,51.6,68.9,0.0,969.2,76,6.2,120,0.22
2021-07-23T11:00:00Z,2021-07-23T10:00:00Z,PT60M,24.9,-45,93.9,19.0,0,0,0,0,0,0,49.0,69.7,0.0,969.1,73,8.4,112,0.22
2021-07-23T12:00:00Z,2021-07-23T11:00:00Z,PT60M,24.7,-55,93.7,17.9,0,0,0,0,0,0,46.3,65.9,0.0,968.7,80,7.2,102,0.22
2021-07-23T13:00:00Z,2021-07-23T12:00:00Z,PT60M,24.9,-64,71.3,18.6,2,0,0,2,2,2,47.4,67.9,0.0,969.0,81,4.9,91,0.22
2021-07-23T14:00:00Z,2021-07-23T13:00:00Z,PT60M,25.0,-72,58.4,19.2,32,0,0,32,31,32,48.3,70.4,0.0,969.4,82,3.3,80,0.22
2021-07-23T15:00:00Z,2021-07-23T14:00:00Z,PT60M,25.2,-80,61.4,19.6,106,0,0,106,100,106,49.5,71.2,0.0,970.1,84,3.0,68,0.22
2021-07-23T16:00:00Z,2021-07-23T15:00:00Z,PT60M,25.6,-87,76.3,19.7,109,0,0,109,104,109,49.9,70.2,0.0,970.4,100,3.2,55,0.22
2021-07-23T17:00:00Z,2021-07-23T16:00:00Z,PT60M,25.7,-96,81.3,19.6,123,0,0,123,116,123,49.3,68.9,0.0,970.4,109,4.0,43,0.22
2021-07-23T18:00:00Z,2021-07-23T17:00:00Z,PT60M,25.7,-107,80.2,19.7,161,0,0,161,152,161,49.5,69.5,0.0,970.4,122,4.7,30,0.22
2021-07-23T19:00:00Z,2021-07-23T18:00:00Z,PT60M,25.5,-129,88.4,19.9,106,0,0,106,100,106,50.3,71.4,0.0,970.2,134,5.1,19,0.22
2021-07-23T20:00:00Z,2021-07-23T19:00:00Z,PT60M,24.9,-176,85.8,20.3,137,0,0,137,130,137,50.7,75.4,0.0,970.3,127,4.6,13,0.22
2021-07-23T21:00:00Z,2021-07-23T20:00:00Z,PT60M,24.5,134,82.2,20.5,168,0,0,168,159,168,49.6,78.5,0.0,970.1,133,3.1,18,0.22
2021-07-23T22:00:00Z,2021-07-23T21:00:00Z,PT60M,25.6,109,79.7,20.3,172,0,0,172,163,172,48.7,72.3,0.0,969.8,108,1.3,29,0.22
2021-07-23T23:00:00Z,2021-07-23T22:00:00Z,PT60M,27.1,97,86.0,19.9,101,0,0,101,96,101,49.0,64.6,0.0,969.3,41,1.3,41,0.22
2021-07-24T00:00:00Z,2021-07-23T23:00:00Z,PT60M,27.2,88,94.0,19.5,33,0,0,33,31,33,48.1,62.9,0.0,968.4,162,0.3,54,0.22
2021-07-24T01:00:00Z,2021-07-24T00:00:00Z,PT60M,27.0,81,87.6,19.3,37,0,0,37,35,37,47.4,62.6,0.0,968.1,100,1.1,66,0.22
2021-07-24T02:00:00Z,2021-07-24T01:00:00Z,PT60M,26.8,73,79.5,19.4,27,0,0,27,26,27,47.5,64.2,0.0,968.3,41,2.1,78,0.22
2021-07-24T03:00:00Z,2021-07-24T02:00:00Z,PT60M,25.7,66,92.7,20.0,1,0,0,1,1,1,46.7,70.9,0.0,968.2,28,2.1,90,0.22
2021-07-24T04:00:00Z,2021-07-24T03:00:00Z,PT60M,25.1,57,96.8,20.5,0,0,0,0,0,0,46.7,75.5,0.0,968.4,42,2.0,101,0.22
2021-07-24T05:00:00Z,2021-07-24T04:00:00Z,PT60M,25.1,46,97.0,20.6,0,0,0,0,0,0,47.5,75.9,0.0,968.8,54,1.3,111,0.22
2021-07-24T06:00:00Z,2021-07-24T05:00:00Z,PT60M,24.9,33,96.9,20.7,0,0,0,0,0,0,47.8,77.7,0.0,968.6,146,1.6,119,0.22
2021-07-24T07:00:00Z,2021-07-24T06:00:00Z,PT60M,24.6,18,93.7,20.7,0,0,0,0,0,0,49.0,79.0,0.0,968.5,137,2.1,124,0.22
2021-07-24T08:00:00Z,2021-07-24T07:00:00Z,PT60M,24.6,1,92.4,20.6,0,0,0,0,0,0,50.2,78.5,0.0,968.4,109,1.9,127,0.22
2021-07-24T09:00:00Z,2021-07-24T08:00:00Z,PT60M,24.3,-16,82.3,20.5,0,0,0,0,0,0,51.0,79.3,0.0,968.0,89,2.1,125,0.22
2021-07-24T10:00:00Z,2021-07-24T09:00:00Z,PT60M,23.9,-32,83.0,20.5,0,0,0,0,0,0,52.0,80.8,0.0,967.7,73,2.8,120,0.22
2021-07-24T11:00:00Z,2021-07-24T10:00:00Z,PT60M,23.6,-45,95.2,20.4,0,0,0,0,0,0,52.9,82.0,0.0,967.6,68,2.4,112,0.22
2021-07-24T12:00:00Z,2021-07-24T11:00:00Z,PT60M,23.4,-55,90.2,20.4,0,0,0,0,0,0,53.6,83.3,0.0,967.8,80,1.2,102,0.22
2021-07-24T13:00:00Z,2021-07-24T12:00:00Z,PT60M,23.2,-65,73.5,20.3,2,0,0,2,2,2,53.2,83.7,0.0,967.8,153,1.5,92,0.22
2021-07-24T14:00:00Z,2021-07-24T13:00:00Z,PT60M,23.2,-72,58.9,20.2,38,0,0,38,36,38,52.8,83.2,0.0,968.1,156,2.3,80,0.22
2021-07-24T15:00:00Z,2021-07-24T14:00:00Z,PT60M,23.2,-80,76.8,20.2,68,0,0,68,65,68,53.0,83.0,0.0,968.5,142,2.4,68,0.22
2021-07-24T16:00:00Z,2021-07-24T15:00:00Z,PT60M,23.3,-87,71.4,20.2,140,0,0,140,132,140,53.2,83.2,0.0,968.9,127,2.5,55,0.22
2021-07-24T17:00:00Z,2021-07-24T16:00:00Z,PT60M,23.2,-96,88.6,20.4,77,0,0,77,73,77,53.0,84.1,0.0,969.2,117,2.6,43,0.22
2021-07-24T18:00:00Z,2021-07-24T17:00:00Z,PT60M,23.2,-108,85.2,20.4,124,0,0,124,118,124,52.7,84.2,0.0,969.5,135,2.7,30,0.22
2021-07-24T19:00:00Z,2021-07-24T18:00:00Z,PT60M,23.4,-130,80.0,20.3,182,0,0,182,173,182,52.7,82.6,0.0,969.5,144,3.5,19,0.22
2021-07-24T20:00:00Z,2021-07-24T19:00:00Z,PT60M,23.8,-176,67.1,20.1,310,0,0,310,294,310,52.2,79.9,0.0,969.2,142,4.2,14,0.22
2021-07-24T21:00:00Z,2021-07-24T20:00:00Z,PT60M,24.3,134,54.7,19.8,412,0,0,412,391,412,51.4,75.9,0.0,969.0,146,4.4,18,0.22
2021-07-24T22:00:00Z,2021-07-24T21:00:00Z,PT60M,24.9,110,23.8,19.4,484,166,140,623,596,656,50.3,71.4,0.0,968.6,150,4.8,29,0.22
2021-07-24T23:00:00Z,2021-07-24T22:00:00Z,PT60M,25.3,97,4.0,19.1,294,482,363,657,619,809,49.0,68.8,0.0,968.0,149,5.2,41,0.22
2021-07-25T00:00:00Z,2021-07-24T23:00:00Z,PT60M,25.4,88,2.7,19.3,229,434,258,487,436,714,48.1,68.8,0.0,967.4,148,5.0,54,0.22
2021-07-25T01:00:00Z,2021-07-25T00:00:00Z,PT60M,25.6,81,16.6,19.4,172,189,84,256,223,392,48.0,68.5,0.0,966.9,141,4.3,66,0.22
2021-07-25T02:00:00Z,2021-07-25T01:00:00Z,PT60M,25.6,73,34.6,19.5,76,0,0,76,72,76,48.5,68.9,0.0,966.8,130,3.7,78,0.22
2021-07-25T03:00:00Z,2021-07-25T02:00:00Z,PT60M,24.6,66,51.6,19.8,5,0,0,5,4,5,49.0,74.3,0.0,966.7,120,3.6,90,0.22
2021-07-25T04:00:00Z,2021-07-25T03:00:00Z,PT60M,23.8,57,39.3,19.9,0,0,0,0,0,0,49.3,78.7,0.0,966.8,111,3.2,101,0.22
2021-07-25T05:00:00Z,2021-07-25T04:00:00Z,PT60M,23.9,46,70.9,19.9,0,0,0,0,0,0,49.2,78.4,0.0,967.4,112,2.9,111,0.22
2021-07-25T06:00:00Z,2021-07-25T05:00:00Z,PT60M,23.9,34,94.7,20.0,0,0,0,0,0,0,49.9,78.8,0.0,967.6,114,2.7,119,0.22
2021-07-25T07:00:00Z,2021-07-25T06:00:00Z,PT60M,23.7,18,78.8,20.3,0,0,0,0,0,0,51.3,81.2,0.0,967.6,111,2.5,125,0.22
2021-07-25T08:00:00Z,2021-07-25T07:00:00Z,PT60M,23.6,1,96.4,20.4,0,0,0,0,0,0,52.0,82.3,0.0,967.2,125,2.6,127,0.22
2021-07-25T09:00:00Z,2021-07-25T08:00:00Z,PT60M,23.6,-16,89.4,20.4,0,0,0,0,0,0,52.7,82.7,0.0,967.0,144,2.6,125,0.23
2021-07-25T10:00:00Z,2021-07-25T09:00:00Z,PT60M,23.1,-32,84.0,20.4,0,0,0,0,0,0,53.3,84.5,0.0,966.9,155,2.8,120,0.23
2021-07-25T11:00:00Z,2021-07-25T10:00:00Z,PT60M,22.6,-45,81.1,20.2,0,0,0,0,0,0,53.1,85.9,0.0,966.7,161,2.5,112,0.23
2021-07-25T12:00:00Z,2021-07-25T11:00:00Z,PT60M,22.4,-56,59.3,20.4,0,0,0,0,0,0,53.6,88.2,0.0,966.8,194,1.7,103,0.23
2021-07-25T13:00:00Z,2021-07-25T12:00:00Z,PT60M,22.1,-65,53.0,20.7,2,0,0,2,2,2,54.1,91.6,0.0,967.2,231,2.2,92,0.23
2021-07-25T14:00:00Z,2021-07-25T13:00:00Z,PT60M,21.9,-73,46.7,20.8,46,0,0,46,44,46,53.9,93.1,0.0,967.6,229,3.2,80,0.23
2021-07-25T15:00:00Z,2021-07-25T14:00:00Z,PT60M,22.1,-80,64.5,20.8,95,0,0,95,90,95,53.3,92.1,0.0,968.0,222,3.6,68,0.23
2021-07-25T16:00:00Z,2021-07-25T15:00:00Z,PT60M,22.3,-88,67.9,20.6,152,0,0,152,144,152,52.5,90.2,0.0,968.3,226,3.5,55,0.23
2021-07-25T17:00:00Z,2021-07-25T16:00:00Z,PT60M,22.4,-96,80.7,20.3,126,0,0,126,120,126,51.9,87.8,0.0,968.4,239,3.6,43,0.23
2021-07-25T18:00:00Z,2021-07-25T17:00:00Z,PT60M,22.6,-108,80.0,20.0,162,0,0,162,154,162,51.5,85.3,0.0,968.6,246,3.5,31,0.23
2021-07-25T19:00:00Z,2021-07-25T18:00:00Z,PT60M,23.5,-130,63.9,19.8,328,0,0,328,311,328,51.2,79.8,0.0,968.6,238,3.1,20,0.23
2021-07-25T20:00:00Z,2021-07-25T19:00:00Z,PT60M,24.9,-176,33.5,19.7,606,22,21,627,597,627,50.8,73.0,0.0,968.3,218,3.5,14,0.23
2021-07-25T21:00:00Z,2021-07-25T20:00:00Z,PT60M,25.8,134,17.0,19.6,516,263,249,765,744,775,50.4,68.7,0.0,967.9,205,3.9,18,0.23
2021-07-25T22:00:00Z,2021-07-25T21:00:00Z,PT60M,26.3,110,22.4,19.4,518,153,134,652,626,677,49.9,65.8,0.0,967.4,199,3.7,29,0.23
2021-07-25T23:00:00Z,2021-07-25T22:00:00Z,PT60M,26.5,98,16.5,19.2,386,271,199,585,553,682,49.6,64.2,0.0,966.8,194,2.9,41,0.23
2021-07-26T00:00:00Z,2021-07-25T23:00:00Z,PT60M,26.4,89,12.2,19.3,266,328,197,463,421,638,49.5,65.0,0.0,966.2,164,2.2,54,0.23
2021-07-26T01:00:00Z,2021-07-26T00:00:00Z,PT60M,26.3,81,25.4,19.7,198,108,50,248,224,325,49.5,66.7,0.0,965.9,129,2.6,66,0.23
2021-07-26T02:00:00Z,2021-07-26T01:00:00Z,PT60M,26.1,74,41.3,20.0,77,0,0,77,73,77,49.0,68.9,0.0,965.5,117,2.4,79,0.23
2021-07-26T03:00:00Z,2021-07-26T02:00:00Z,PT60M,25.5,66,60.8,20.3,5,0,0,5,5,5,48.7,72.9,0.0,965.5,106,2.3,90,0.23
2021-07-26T04:00:00Z,2021-07-26T03:00:00Z,PT60M,24.9,57,52.3,20.4,0,0,0,0,0,0,48.9,76.2,0.0,966.0,99,2.6,101,0.23
2021-07-26T05:00:00Z,2021-07-26T04:00:00Z,PT60M,24.7,46,36.2,20.4,0,0,0,0,0,0,48.7,77.1,0.0,966.4,91,2.6,111,0.23
2021-07-26T06:00:00Z,2021-07-26T05:00:00Z,PT60M,24.4,34,26.8,20.3,0,0,0,0,0,0,48.4,77.9,0.0,966.7,84,2.4,119,0.23
2021-07-26T07:00:00Z,2021-07-26T06:00:00Z,PT60M,24.2,18,44.7,20.3,0,0,0,0,0,0,47.8,78.8,0.0,966.8,81,1.4,125,0.23
2021-07-26T08:00:00Z,2021-07-26T07:00:00Z,PT60M,24.2,1,42.1,20.2,0,0,0,0,0,0,46.9,78.5,0.0,966.5,75,1.0,127,0.23
2021-07-26T09:00:00Z,2021-07-26T08:00:00Z,PT60M,24.2,-16,24.5,20.1,0,0,0,0,0,0,46.2,77.7,0.0,966.2,79,1.3,125,0.23
2021-07-26T10:00:00Z,2021-07-26T09:00:00Z,PT60M,24.2,-32,22.9,19.9,0,0,0,0,0,0,45.4,77.1,0.0,966.0,87,1.6,120,0.23
2021-07-26T11:00:00Z,2021-07-26T10:00:00Z,PT60M,24.1,-45,23.7,19.7,0,0,0,0,0,0,44.3,76.6,0.0,966.0,90,1.9,112,0.23
2021-07-26T12:00:00Z,2021-07-26T11:00:00Z,PT60M,23.9,-56,23.0,19.6,0,0,0,0,0,0,43.7,77.0,0.0,966.0,90,2.1,103,0.23
2021-07-26T13:00:00Z,2021-07-26T12:00:00Z,PT60M,23.9,-65,19.7,19.7,4,0,0,4,4,4,43.5,77.6,0.0,966.2,97,2.1,92,0.23
2021-07-26T14:00:00Z,2021-07-26T13:00:00Z,PT60M,24.5,-73,30.8,19.7,76,0,0,76,72,76,43.5,74.9,0.0,966.7,109,1.9,80,0.23
2021-07-26T15:00:00Z,2021-07-26T14:00:00Z,PT60M,25.8,-80,32.2,19.6,191,58,26,217,200,260,43.4,68.5,0.0,967.1,115,1.9,68,0.23
2021-07-26T16:00:00Z,2021-07-26T15:00:00Z,PT60M,27.3,-88,5.1,19.2,155,592,343,498,438,797,42.9,61.3,0.0,967.3,113,2.1,55,0.23
2021-07-26T17:00:00Z,2021-07-26T16:00:00Z,PT60M,28.9,-96,0.8,18.7,140,772,564,704,658,938,42.2,54.3,0.0,967.2,111,2.2,43,0.23
2021-07-26T18:00:00Z,2021-07-26T17:00:00Z,PT60M,30.2,-108,0.0,18.1,148,824,707,855,832,975,41.9,48.3,0.0,967.1,113,2.0,31,0.23
2021-07-26T19:00:00Z,2021-07-26T18:00:00Z,PT60M,31.3,-130,0.0,17.5,209,776,729,938,929,972,41.6,43.8,0.0,966.8,116,1.6,20,0.23
2021-07-26T20:00:00Z,2021-07-26T19:00:00Z,PT60M,32.3,-176,0.0,17.0,213,785,761,975,971,977,40.7,40.0,0.0,966.4,120,1.0,14,0.23
2021-07-26T21:00:00Z,2021-07-26T20:00:00Z,PT60M,33.1,135,0.0,16.4,201,792,750,950,943,978,39.7,36.9,0.0,965.9,144,0.5,19,0.23
2021-07-26T22:00:00Z,2021-07-26T21:00:00Z,PT60M,33.7,111,0.2,15.9,183,781,681,864,843,968,39.0,34.7,0.0,965.3,209,0.5,29,0.23
2021-07-26T23:00:00Z,2021-07-26T22:00:00Z,PT60M,34.1,98,0.0,15.6,160,755,566,726,685,942,38.2,33.2,0.0,964.7,257,0.5,41,0.23
2021-07-27T00:00:00Z,2021-07-26T23:00:00Z,PT60M,34.3,89,0.0,15.5,137,688,406,543,479,874,37.7,32.4,0.0,964.1,309,0.7,54,0.23
2021-07-27T01:00:00Z,2021-07-27T00:00:00Z,PT60M,34.3,81,2.4,15.5,117,515,212,329,255,689,37.2,32.7,0.0,963.6,342,1.2,66,0.23
2021-07-27T02:00:00Z,2021-07-27T01:00:00Z,PT60M,33.7,74,18.8,16.3,83,115,30,114,89,193,36.5,35.4,0.0,963.6,3,1.7,79,0.23
2021-07-27T03:00:00Z,2021-07-27T02:00:00Z,PT60M,32.6,66,38.9,16.8,6,0,0,6,6,6,35.7,38.9,0.0,963.8,19,1.9,90,0.23
2021-07-27T04:00:00Z,2021-07-27T03:00:00Z,PT60M,31.8,57,22.5,16.7,0,0,0,0,0,0,35.2,40.5,0.0,964.4,35,1.8,101,0.23
2021-07-27T05:00:00Z,2021-07-27T04:00:00Z,PT60M,31.3,47,23.4,16.8,0,0,0,0,0,0,34.7,41.9,0.0,965.0,45,1.5,111,0.23
2021-07-27T06:00:00Z,2021-07-27T05:00:00Z,PT60M,30.8,34,24.2,17.2,0,0,0,0,0,0,34.6,44.2,0.0,965.4,60,1.2,120,0.23
2021-07-27T07:00:00Z,2021-07-27T06:00:00Z,PT60M,30.3,18,23.4,17.6,0,0,0,0,0,0,34.7,46.5,0.0,965.6,95,1.0,125,0.23
2021-07-27T08:00:00Z,2021-07-27T07:00:00Z,PT60M,30.0,1,23.3,17.8,0,0,0,0,0,0,34.3,47.9,0.0,965.4,111,0.6,127,0.23
2021-07-27T09:00:00Z,2021-07-27T08:00:00Z,PT60M,29.7,-16,22.8,17.9,0,0,0,0,0,0,34.1,49.1,0.0,965.2,97,0.2,126,0.23
2021-07-27T10:00:00Z,2021-07-27T09:00:00Z,PT60M,29.3,-32,21.5,17.8,0,0,0,0,0,0,34.0,50.0,0.0,965.0,323,0.3,120,0.23
2021-07-27T11:00:00Z,2021-07-27T10:00:00Z,PT60M,28.9,-45,22.1,17.7,0,0,0,0,0,0,34.4,50.9,0.0,964.9,303,0.4,113,0.23
2021-07-27T12:00:00Z,2021-07-27T11:00:00Z,PT60M,28.5,-56,21.8,17.8,0,0,0,0,0,0,35.5,52.4,0.0,965.1,197,0.2,103,0.23
2021-07-27T13:00:00Z,2021-07-27T12:00:00Z,PT60M,28.3,-65,21.4,18.2,4,2,0,4,4,4,36.5,54.4,0.0,965.4,162,0.2,92,0.23
2021-07-27T14:00:00Z,2021-07-27T13:00:00Z,PT60M,29.2,-73,1.0,18.0,51,313,60,111,55,231,37.0,51.1,0.0,966.0,1,0.3,80,0.23
2021-07-27T15:00:00Z,2021-07-27T14:00:00Z,PT60M,30.5,-80,0.0,17.4,94,572,216,310,227,713,37.2,45.3,0.0,966.4,15,1.1,68,0.23
2021-07-27T16:00:00Z,2021-07-27T15:00:00Z,PT60M,31.6,-88,2.2,17.2,146,641,362,509,444,840,37.0,42.4,0.0,966.7,22,1.5,56,0.23
2021-07-27T17:00:00Z,2021-07-27T16:00:00Z,PT60M,32.7,-97,2.0,17.3,172,715,522,695,652,920,36.6,39.7,0.0,966.7,21,1.4,43,0.23
2021-07-27T18:00:00Z,2021-07-27T17:00:00Z,PT60M,33.8,-109,2.2,17.1,198,747,641,839,817,952,36.1,36.9,0.0,966.8,9,1.5,31,0.23
2021-07-27T19:00:00Z,2021-07-27T18:00:00Z,PT60M,34.9,-131,2.0,16.6,227,750,705,931,924,965,35.5,33.9,0.0,966.6,350,1.6,20,0.23
2021-07-27T20:00:00Z,2021-07-27T19:00:00Z,PT60M,35.8,-176,1.7,16.0,230,763,739,969,967,972,34.4,30.8,0.0,966.3,331,1.7,14,0.23
2021-07-27T21:00:00Z,2021-07-27T20:00:00Z,PT60M,36.6,135,1.6,15.4,222,765,724,945,939,972,33.4,28.5,0.0,965.8,309,1.8,19,0.23
2021-07-27T22:00:00Z,2021-07-27T21:00:00Z,PT60M,37.3,111,4.9,14.9,234,686,602,836,817,923,32.7,26.5,0.0,965.1,289,2.5,29,0.23
2021-07-27T23:00:00Z,2021-07-27T22:00:00Z,PT60M,37.7,98,19.4,14.0,380,288,209,589,558,691,32.2,24.5,0.0,964.4,281,3.1,41,0.23
2021-07-28T00:00:00Z,2021-07-27T23:00:00Z,PT60M,37.8,89,9.9,13.3,208,476,292,500,453,725,32.2,23.4,0.0,964.0,280,3.1,54,0.23
2021-07-28T01:00:00Z,2021-07-28T00:00:00Z,PT60M,37.3,81,67.1,13.4,116,16,8,123,116,135,33.3,24.1,0.0,963.9,269,2.3,66,0.23
2021-07-28T02:00:00Z,2021-07-28T01:00:00Z,PT60M,35.1,74,81.1,14.6,23,0,0,23,22,23,35.2,29.5,0.0,964.3,179,2.6,79,0.23
2021-07-28T03:00:00Z,2021-07-28T02:00:00Z,PT60M,31.8,66,95.0,16.7,1,0,0,1,1,1,37.1,40.3,0.0,965.2,156,5.4,91,0.23
2021-07-28T04:00:00Z,2021-07-28T03:00:00Z,PT60M,30.8,57,80.5,17.5,0,0,0,0,0,0,37.5,45.1,0.0,966.1,141,5.3,102,0.23
2021-07-28T05:00:00Z,2021-07-28T04:00:00Z,PT60M,31.1,47,71.2,17.0,0,0,0,0,0,0,36.5,42.9,0.0,966.6,136,5.1,112,0.23
2021-07-28T06:00:00Z,2021-07-28T05:00:00Z,PT60M,30.3,34,66.1,16.9,0,0,0,0,0,0,36.2,44.7,0.0,967.0,145,5.0,120,0.23
2021-07-28T07:00:00Z,2021-07-28T06:00:00Z,PT60M,29.4,18,56.9,17.1,0,0,0,0,0,0,36.1,47.5,0.0,967.1,139,4.5,125,0.23
2021-07-28T08:00:00Z,2021-07-28T07:00:00Z,PT60M,28.7,1,24.8,17.0,0,0,0,0,0,0,35.9,49.2,0.0,967.0,127,3.9,127,0.23
2021-07-28T09:00:00Z,2021-07-28T08:00:00Z,PT60M,28.0,-16,30.3,16.7,0,0,0,0,0,0,36.1,50.2,0.0,966.9,108,2.9,126,0.23
2021-07-28T10:00:00Z,2021-07-28T09:00:00Z,PT60M,27.7,-32,42.0,16.4,0,0,0,0,0,0,36.3,50.1,0.0,966.8,95,1.8,121,0.23
2021-07-28T11:00:00Z,2021-07-28T10:00:00Z,PT60M,27.6,-45,32.0,16.3,0,0,0,0,0,0,36.8,50.2,0.0,966.9,122,1.1,113,0.23
2021-07-28T12:00:00Z,2021-07-28T11:00:00Z,PT60M,27.3,-56,24.7,16.5,0,0,0,0,0,0,37.1,51.6,0.0,967.2,120,1.1,103,0.23
2021-07-28T13:00:00Z,2021-07-28T12:00:00Z,PT60M,27.1,-65,46.6,16.7,2,0,0,2,2,2,36.8,52.9,0.0,967.6,102,1.3,92,0.23
2021-07-28T14:00:00Z,2021-07-28T13:00:00Z,PT60M,27.5,-73,4.5,16.6,51,302,57,108,54,223,36.7,51.3,0.0,967.9,103,1.7,80,0.23
2021-07-28T15:00:00Z,2021-07-28T14:00:00Z,PT60M,28.6,-81,7.1,16.5,133,411,153,287,222,595,37.2,48.0,0.0,968.2,102,2.0,68,0.23
2021-07-28T16:00:00Z,2021-07-28T15:00:00Z,PT60M,30.0,-88,6.9,16.7,190,519,292,482,426,765,37.4,44.8,0.0,968.2,85,2.1,56,0.23
2021-07-28T17:00:00Z,2021-07-28T16:00:00Z,PT60M,31.4,-97,7.4,16.9,242,567,414,655,618,844,37.3,41.7,0.0,968.0,69,2.1,43,0.23
2021-07-28T18:00:00Z,2021-07-28T17:00:00Z,PT60M,32.7,-109,4.1,17.2,222,698,599,820,801,927,38.1,39.5,0.0,967.9,54,1.7,31,0.23
2021-07-28T19:00:00Z,2021-07-28T18:00:00Z,PT60M,33.9,-131,2.1,17.4,182,801,752,934,929,969,38.8,37.4,0.0,967.5,37,1.4,20,0.23
2021-07-28T20:00:00Z,2021-07-28T19:00:00Z,PT60M,35.1,-176,1.8,17.2,175,824,798,974,975,976,38.3,34.6,0.0,966.8,23,1.0,14,0.23
2021-07-28T21:00:00Z,2021-07-28T20:00:00Z,PT60M,36.1,136,1.7,16.7,173,820,775,948,945,976,37.6,31.8,0.0,966.0,360,0.6,19,0.23
2021-07-28T22:00:00Z,2021-07-28T21:00:00Z,PT60M,36.9,111,0.7,16.1,168,803,698,866,849,972,36.7,29.3,0.0,964.9,271,0.5,29,0.23
2021-07-28T23:00:00Z,2021-07-28T22:00:00Z,PT60M,37.4,98,0.0,15.5,146,781,584,730,691,952,35.5,27.3,0.0,963.7,255,1.4,42,0.23
2021-07-29T00:00:00Z,2021-07-28T23:00:00Z,PT60M,37.8,89,0.0,14.8,126,716,421,546,483,889,34.2,25.7,0.0,963.0,267,2.3,54,0.23
2021-07-29T01:00:00Z,2021-07-29T00:00:00Z,PT60M,37.8,82,7.6,14.3,130,442,187,317,256,622,33.3,24.9,0.0,962.9,282,2.5,67,0.23
2021-07-29T02:00:00Z,2021-07-29T01:00:00Z,PT60M,37.0,74,45.0,14.9,78,9,3,81,75,88,32.9,27.0,0.0,962.9,288,2.2,79,0.23
2021-07-29T03:00:00Z,2021-07-29T02:00:00Z,PT60M,35.8,66,71.6,15.2,2,0,0,2,2,2,32.0,29.3,0.0,962.7,286,1.9,91,0.23
2021-07-29T04:00:00Z,2021-07-29T03:00:00Z,PT60M,34.8,57,38.0,15.1,0,0,0,0,0,0,31.8,30.8,0.0,963.0,263,1.5,102,0.23
2021-07-29T05:00:00Z,2021-07-29T04:00:00Z,PT60M,34.4,47,25.8,14.9,0,0,0,0,0,0,32.4,31.2,0.0,963.6,214,1.9,112,0.23
2021-07-29T06:00:00Z,2021-07-29T05:00:00Z,PT60M,34.0,34,26.2,14.4,0,0,0,0,0,0,33.1,30.9,0.0,963.7,222,2.7,120,0.23
2021-07-29T07:00:00Z,2021-07-29T06:00:00Z,PT60M,33.4,19,23.3,14.5,0,0,0,0,0,0,33.6,32.0,0.0,963.8,237,3.4,125,0.23
2021-07-29T08:00:00Z,2021-07-29T07:00:00Z,PT60M,32.8,1,46.4,14.4,0,0,0,0,0,0,33.8,32.8,0.0,963.6,239,3.4,128,0.23
2021-07-29T09:00:00Z,2021-07-29T08:00:00Z,PT60M,32.4,-16,46.2,14.2,0,0,0,0,0,0,34.1,33.2,0.0,963.0,245,3.3,126,0.23
2021-07-29T10:00:00Z,2021-07-29T09:00:00Z,PT60M,31.9,-32,62.9,14.2,0,0,0,0,0,0,34.7,34.1,0.0,962.6,257,2.8,121,0.23
2021-07-29T11:00:00Z,2021-07-29T10:00:00Z,PT60M,31.4,-45,51.2,14.4,0,0,0,0,0,0,35.5,35.7,0.0,962.7,277,1.7,113,0.23
2021-07-29T12:00:00Z,2021-07-29T11:00:00Z,PT60M,30.5,-56,41.2,15.3,0,0,0,0,0,0,36.6,39.7,0.0,963.0,211,0.3,103,0.23
2021-07-29T13:00:00Z,2021-07-29T12:00:00Z,PT60M,29.7,-65,59.1,15.9,2,0,0,2,2,2,37.7,43.3,0.0,963.5,156,1.9,92,0.23
2021-07-29T14:00:00Z,2021-07-29T13:00:00Z,PT60M,30.0,-73,5.8,16.2,57,243,45,102,57,192,38.1,43.3,0.0,963.9,159,2.8,81,0.23
2021-07-29T15:00:00Z,2021-07-29T14:00:00Z,PT60M,31.3,-81,21.2,16.3,171,180,59,230,194,377,38.4,40.6,0.0,964.3,155,2.6,68,0.23
2021-07-29T16:00:00Z,2021-07-29T15:00:00Z,PT60M,33.0,-88,30.2,16.1,271,153,92,363,338,444,38.8,36.4,0.0,964.5,133,2.0,56,0.23
2021-07-29T17:00:00Z,2021-07-29T16:00:00Z,PT60M,34.4,-97,52.7,15.9,332,0,0,332,315,332,39.3,33.1,0.0,964.5,112,2.4,43,0.23
2021-07-29T18:00:00Z,2021-07-29T17:00:00Z,PT60M,35.8,-110,40.5,15.7,503,0,0,503,477,503,39.9,30.3,0.0,964.4,112,2.8,31,0.23
2021-07-29T19:00:00Z,2021-07-29T18:00:00Z,PT60M,36.9,-132,39.0,15.5,567,8,7,574,545,574,40.1,28.1,0.0,964.0,110,2.6,20,0.23
2021-07-29T20:00:00Z,2021-07-29T19:00:00Z,PT60M,37.7,-176,48.5,15.2,496,7,7,503,478,503,40.0,26.4,0.0,963.5,106,2.0,15,0.23
2021-07-29T21:00:00Z,2021-07-29T20:00:00Z,PT60M,38.4,136,15.2,14.7,371,465,434,805,791,827,39.9,24.6,0.0,962.7,121,1.3,19,0.23
2021-07-29T22:00:00Z,2021-07-29T21:00:00Z,PT60M,38.9,112,0.8,13.9,172,796,690,862,847,968,39.1,22.8,0.0,961.2,186,1.1,30,0.23
2021-07-29T23:00:00Z,2021-07-29T22:00:00Z,PT60M,39.3,99,0.7,13.3,149,768,573,722,686,943,38.6,21.4,0.0,960.1,221,0.7,42,0.23
2021-07-30T00:00:00Z,2021-07-29T23:00:00Z,PT60M,39.3,90,14.1,12.9,233,393,239,472,431,669,38.2,20.9,0.0,959.7,274,0.6,54,0.23
2021-07-30T01:00:00Z,2021-07-30T00:00:00Z,PT60M,38.9,82,52.8,12.9,161,1,0,162,153,162,39.3,21.4,0.0,960.0,14,0.8,67,0.23
2021-07-30T02:00:00Z,2021-07-30T01:00:00Z,PT60M,33.6,74,50.8,14.7,54,2,0,54,51,55,42.7,32.1,0.0,962.0,72,8.5,79,0.23
2021-07-30T03:00:00Z,2021-07-30T02:00:00Z,PT60M,28.7,67,82.4,16.6,4,0,0,4,4,4,45.0,47.9,0.0,963.8,92,11.2,91,0.23
2021-07-30T04:00:00Z,2021-07-30T03:00:00Z,PT60M,29.1,58,80.0,16.9,0,0,0,0,0,0,44.6,48.1,0.0,963.9,121,7.3,102,0.23
2021-07-30T05:00:00Z,2021-07-30T04:00:00Z,PT60M,29.6,47,64.7,17.1,0,0,0,0,0,0,43.2,47.2,0.0,963.7,126,4.5,112,0.23
2021-07-30T06:00:00Z,2021-07-30T05:00:00Z,PT60M,30.3,34,76.7,17.2,0,0,0,0,0,0,44.5,45.4,0.0,964.6,120,4.2,120,0.23
2021-07-30T07:00:00Z,2021-07-30T06:00:00Z,PT60M,30.7,19,69.3,17.1,0,0,0,0,0,0,46.3,44.1,0.0,965.7,120,4.3,126,0.23
2021-07-30T08:00:00Z,2021-07-30T07:00:00Z,PT60M,30.6,1,76.3,17.2,0,0,0,0,0,0,45.6,44.8,0.0,965.5,118,2.9,128,0.23
2021-07-30T09:00:00Z,2021-07-30T08:00:00Z,PT60M,30.5,-16,59.0,17.7,0,0,0,0,0,0,44.7,46.6,0.0,964.8,81,1.4,126,0.23
2021-07-30T10:00:00Z,2021-07-30T09:00:00Z,PT60M,30.1,-32,57.4,18.1,0,0,0,0,0,0,44.8,48.4,0.0,964.6,62,2.3,121,0.23
2021-07-30T11:00:00Z,2021-07-30T10:00:00Z,PT60M,29.8,-46,57.3,18.2,0,0,0,0,0,0,44.6,49.9,0.0,964.6,82,2.8,113,0.23
2021-07-30T12:00:00Z,2021-07-30T11:00:00Z,PT60M,29.3,-56,24.7,18.4,0,0,0,0,0,0,44.0,51.7,0.0,964.5,90,1.3,103,0.23
2021-07-30T13:00:00Z,2021-07-30T12:00:00Z,PT60M,28.8,-66,24.8,18.4,3,6,1,4,3,3,43.6,53.3,0.0,964.6,102,0.2,92,0.23
2021-07-30T14:00:00Z,2021-07-30T13:00:00Z,PT60M,28.7,-74,19.0,18.3,73,69,9,82,70,91,43.2,53.6,0.0,965.1,156,0.5,81,0.23
2021-07-30T15:00:00Z,2021-07-30T14:00:00Z,PT60M,29.0,-81,16.5,18.1,168,226,88,255,217,432,43.4,51.8,0.0,965.9,107,0.9,68,0.23
2021-07-30T16:00:00Z,2021-07-30T15:00:00Z,PT60M,30.0,-89,10.1,17.7,216,432,244,459,413,702,43.7,47.8,0.0,966.3,84,1.4,56,0.23
2021-07-30T17:00:00Z,2021-07-30T16:00:00Z,PT60M,31.5,-98,7.8,17.4,247,544,397,644,611,827,43.7,43.0,0.0,966.5,83,2.1,43,0.23
2021-07-30T18:00:00Z,2021-07-30T17:00:00Z,PT60M,33.2,-110,5.0,16.9,239,660,565,805,788,907,43.5,37.8,0.0,966.4,102,2.2,31,0.23
2021-07-30T19:00:00Z,2021-07-30T18:00:00Z,PT60M,34.7,-132,2.2,16.2,195,778,729,924,923,958,43.1,33.4,0.0,966.0,137,2.5,20,0.23
2021-07-30T20:00:00Z,2021-07-30T19:00:00Z,PT60M,35.7,-176,2.0,15.8,194,795,768,962,966,964,42.7,30.6,0.0,965.6,150,3.1,15,0.23
2021-07-30T21:00:00Z,2021-07-30T20:00:00Z,PT60M,36.5,137,2.2,15.3,195,782,737,933,933,960,42.4,28.5,0.0,965.2,150,3.1,19,0.23
2021-07-30T22:00:00Z,2021-07-30T21:00:00Z,PT60M,37.1,112,1.6,14.8,178,777,672,851,837,956,42.1,26.7,0.0,964.4,154,2.4,30,0.23
2021-07-30T23:00:00Z,2021-07-30T22:00:00Z,PT60M,37.4,99,0.5,14.3,142,779,579,721,686,944,40.8,25.5,0.0,963.1,163,1.8,42,0.23
2021-07-31T00:00:00Z,2021-07-30T23:00:00Z,PT60M,37.5,90,1.4,13.9,126,700,410,536,478,872,39.7,24.6,0.0,962.4,183,0.9,54,0.23
2021-07-31T01:00:00Z,2021-07-31T00:00:00Z,PT60M,37.6,82,8.0,13.6,126,452,186,312,251,628,39.9,24.1,0.0,962.5,263,0.5,67,0.23
2021-07-31T02:00:00Z,2021-07-31T01:00:00Z,PT60M,34.2,75,30.8,15.6,74,79,16,91,73,130,43.3,32.9,0.0,963.4,163,4.5,79,0.23
2021-07-31T03:00:00Z,2021-07-31T02:00:00Z,PT60M,28.3,67,55.9,17.9,4,0,0,4,3,4,48.1,53.4,0.0,965.5,171,8.8,91,0.23
2021-07-31T04:00:00Z,2021-07-31T03:00:00Z,PT60M,25.0,58,64.3,18.4,0,0,0,0,0,0,47.0,66.9,0.0,966.7,209,10.1,102,0.23
2021-07-31T05:00:00Z,2021-07-31T04:00:00Z,PT60M,24.1,47,80.6,18.1,0,0,0,0,0,0,43.9,69.0,0.0,967.0,236,10.2,112,0.23
2021-07-31T06:00:00Z,2021-07-31T05:00:00Z,PT60M,25.0,34,93.8,17.8,0,0,0,0,0,0,43.8,64.1,0.0,967.4,257,6.2,120,0.23
2021-07-31T07:00:00Z,2021-07-31T06:00:00Z,PT60M,26.4,19,92.8,18.0,0,0,0,0,0,0,44.7,59.8,0.0,967.9,262,1.3,126,0.23
2021-07-31T08:00:00Z,2021-07-31T07:00:00Z,PT60M,26.8,1,91.4,18.5,0,0,0,0,0,0,45.5,60.4,0.0,968.0,87,2.1,128,0.23
2021-07-31T09:00:00Z,2021-07-31T08:00:00Z,PT60M,26.6,-17,92.5,19.1,0,0,0,0,0,0,45.9,63.4,0.0,967.8,100,2.5,126,0.23
2021-07-31T10:00:00Z,2021-07-31T09:00:00Z,PT60M,26.5,-32,97.0,19.4,0,0,0,0,0,0,45.7,65.0,0.0,967.5,117,2.5,121,0.23
2021-07-31T11:00:00Z,2021-07-31T10:00:00Z,PT60M,26.4,-46,92.1,19.6,0,0,0,0,0,0,45.3,66.0,0.0,967.1,111,2.3,113,0.23
2021-07-31T12:00:00Z,2021-07-31T11:00:00Z,PT60M,26.1,-57,63.4,19.7,0,0,0,0,0,0,45.5,67.8,0.0,967.2,102,2.0,104,0.23
2021-07-31T13:00:00Z,2021-07-31T12:00:00Z,PT60M,25.8,-66,44.3,19.8,2,0,0,2,2,2,46.0,69.2,0.0,967.7,128,1.8,93,0.23
2021-07-31T14:00:00Z,2021-07-31T13:00:00Z,PT60M,26.1,-74,26.2,19.6,71,34,7,77,68,93,46.0,67.4,0.0,968.1,161,2.3,81,0.23
2021-07-31T15:00:00Z,2021-07-31T14:00:00Z,PT60M,26.7,-81,28.4,19.2,188,69,25,213,194,273,45.7,63.3,0.0,968.6,179,2.2,68,0.23
2021-07-31T16:00:00Z,2021-07-31T15:00:00Z,PT60M,27.5,-89,32.7,18.6,325,31,19,344,326,362,45.2,58.1,0.0,968.9,198,1.4,56,0.23
2021-07-31T17:00:00Z,2021-07-31T16:00:00Z,PT60M,28.8,-98,11.9,18.0,283,454,334,616,587,768,44.9,52.1,0.0,969.0,230,0.6,43,0.23
2021-07-31T18:00:00Z,2021-07-31T17:00:00Z,PT60M,29.7,-110,6.8,18.1,261,617,527,788,773,887,45.2,49.8,0.0,969.0,328,0.4,31,0.23
2021-07-31T19:00:00Z,2021-07-31T18:00:00Z,PT60M,30.6,-133,15.8,18.6,428,388,362,790,780,811,45.4,48.6,0.0,968.7,6,1.3,21,0.23
2021-07-31T20:00:00Z,2021-07-31T19:00:00Z,PT60M,31.9,-177,4.0,18.6,243,717,692,936,940,938,45.5,45.2,0.0,968.3,0,2.0,15,0.23
2021-07-31T21:00:00Z,2021-07-31T20:00:00Z,PT60M,33.2,137,2.1,18.4,201,774,729,930,932,956,45.3,41.5,0.0,967.6,346,2.1,19,0.23
2021-07-31T22:00:00Z,2021-07-31T21:00:00Z,PT60M,34.1,113,9.4,17.9,295,562,487,782,769,863,44.4,38.2,0.0,966.6,331,2.1,30,0.23
2021-07-31T23:00:00Z,2021-07-31T22:00:00Z,PT60M,34.7,99,8.9,17.4,238,562,424,661,633,825,43.7,35.8,0.0,965.8,313,2.0,42,0.23
2021-08-01T00:00:00Z,2021-07-31T23:00:00Z,PT60M,35.2,90,4.5,17.0,150,623,367,518,466,820,43.6,34.0,0.0,965.3,308,1.9,54,0.23
2021-08-01T01:00:00Z,2021-08-01T00:00:00Z,PT60M,35.4,82,0.6,16.7,89,617,242,331,253,757,43.9,33.1,0.0,964.9,324,1.7,67,0.23
2021-08-01T02:00:00Z,2021-08-01T01:00:00Z,PT60M,35.0,75,3.1,17.4,50,378,79,130,66,305,43.9,35.4,0.0,964.8,347,1.5,79,0.23
2021-08-01T03:00:00Z,2021-08-01T02:00:00Z,PT60M,33.8,67,48.1,17.9,5,0,0,5,4,5,43.9,38.9,0.0,965.0,17,1.3,91,0.23
2021-08-01T04:00:00Z,2021-08-01T03:00:00Z,PT60M,32.8,58,24.5,17.7,0,0,0,0,0,0,44.2,40.9,0.0,965.5,65,1.5,102,0.23
2021-08-01T05:00:00Z,2021-08-01T04:00:00Z,PT60M,32.2,47,25.3,17.8,0,0,0,0,0,0,44.1,42.5,0.0,965.9,110,1.6,112,0.23
2021-08-01T06:00:00Z,2021-08-01T05:00:00Z,PT60M,31.5,34,25.8,18.1,0,0,0,0,0,0,43.2,44.8,0.0,966.1,173,1.8,121,0.23
2021-08-01T07:00:00Z,2021-08-01T06:00:00Z,PT60M,31.0,19,23.1,18.3,0,0,0,0,0,0,42.4,46.6,0.0,966.2,200,2.2,126,0.23
2021-08-01T08:00:00Z,2021-08-01T07:00:00Z,PT60M,30.9,1,23.3,18.3,0,0,0,0,0,0,42.1,47.0,0.0,966.2,201,2.1,128,0.23
2021-08-01T09:00:00Z,2021-08-01T08:00:00Z,PT60M,30.8,-17,23.7,18.1,0,0,0,0,0,0,41.7,46.7,0.0,966.1,206,2.1,127,0.23
2021-08-01T10:00:00Z,2021-08-01T09:00:00Z,PT60M,30.7,-33,23.1,18.1,0,0,0,0,0,0,41.6,47.0,0.0,966.0,218,2.0,121,0.23
2021-08-01T11:00:00Z,2021-08-01T10:00:00Z,PT60M,30.3,-46,23.4,18.3,0,0,0,0,0,0,41.9,48.5,0.0,966.2,231,1.7,113,0.23
2021-08-01T12:00:00Z,2021-08-01T11:00:00Z,PT60M,29.8,-57,23.3,18.8,0,0,0,0,0,0,42.8,51.6,0.0,966.5,223,1.1,104,0.23
2021-08-01T13:00:00Z,2021-08-01T12:00:00Z,PT60M,29.4,-66,22.3,19.2,3,0,0,3,3,3,43.3,54.1,0.0,967.0,172,1.0,93,0.23
2021-08-01T14:00:00Z,2021-08-01T13:00:00Z,PT60M,30.1,-74,2.6,19.1,48,299,54,103,52,211,43.2,51.8,0.0,967.5,148,1.0,81,0.23
2021-08-01T15:00:00Z,2021-08-01T14:00:00Z,PT60M,31.3,-82,6.8,18.8,127,417,152,279,218,593,43.5,47.4,0.0,968.1,172,0.4,69,0.23
2021-08-01T16:00:00Z,2021-08-01T15:00:00Z,PT60M,32.4,-89,1.8,18.3,135,654,365,500,443,840,43.9,43.3,0.0,968.4,278,0.7,56,0.23
2021-08-01T17:00:00Z,2021-08-01T16:00:00Z,PT60M,33.5,-98,0.7,17.9,146,754,547,692,658,927,43.9,39.5,0.0,968.5,289,1.2,44,0.23
2021-08-01T18:00:00Z,2021-08-01T17:00:00Z,PT60M,34.6,-111,1.5,17.7,178,769,654,832,820,950,44.0,36.8,0.0,968.3,286,1.4,31,0.23
2021-08-01T19:00:00Z,2021-08-01T18:00:00Z,PT60M,35.5,-133,7.7,17.5,306,602,561,867,865,897,44.1,34.5,0.0,968.0,285,1.6,21,0.23
2021-08-01T20:00:00Z,2021-08-01T19:00:00Z,PT60M,36.5,-177,12.7,17.1,395,474,457,851,849,853,43.8,32.0,0.0,967.5,286,1.8,15,0.23
2021-08-01T21:00:00Z,2021-08-01T20:00:00Z,PT60M,37.2,137,7.3,16.7,297,619,580,877,876,902,43.6,29.9,0.0,966.9,290,2.2,20,0.23
2021-08-01T22:00:00Z,2021-08-01T21:00:00Z,PT60M,37.7,113,7.8,16.3,292,576,498,791,778,874,43.5,28.4,0.0,966.3,295,2.5,30,0.23
